Workbook

Sheet Summary Qty
A1: Summary
A2: S. No | B2: Particular | C2: Steel (MT) | D2: shuttering (Sqm) | E2: Concrete (Cum) | F2: Bloclwork 200mm (Cum) | G2: Bloclwork 100mm (Sqm) | H2: Brickwork 230mm (cum) | I2: Brickwork 115mm (Sqm) | J2: Plaster
J3: Ceiling | K3: Internal walls | L3: Lift well (Total Qty) | M3: Outer
A4: 1 | B4: Raft | C4: =+'Steel Summary'!J4 -> 92.87 | D4: =+'Shuttering summary'!C4 -> 216.07 | E4: =+'RCC Summary'!C4 -> 1552.355
A5: 2 | B5: Columns Upto Plinth Lvl | C5: =+'Steel Summary'!J8 -> 25.8 | D5: =+'Shuttering summary'!C5 -> 609.741 | E5: =+'RCC Summary'!C5 -> 80.35671
A6: 3 | B6: Plinth Beam | C6: =+'Steel Summary'!J5 -> 10.836 | D6: =+'Shuttering summary'!C6 -> 843.4487 | E6: =+'RCC Summary'!C6 -> 69.31584
A7: 4 | B7: Stilt Floor
B8: Column | C8: =+'Steel Summary'!J8 -> 25.8 | D8: =+'Shuttering summary'!$C$7 -> 1043.9505 | E8: =+'RCC Summary'!$C$7 -> 112.88205
B9: Slab | C9: 32.88 | D9: =+'Shuttering summary'!$C$8 -> 2234.6038 | E9: =+'RCC Summary'!$C$8 -> 17.145513
A10: 5 | B10: 1st Floor
B11: Column | C11: =+'Steel Summary'!J10 -> 20.43 | D11: =+'Shuttering summary'!$C$7 -> 1043.9505 | E11: =+'RCC Summary'!$C$7 -> 112.88205
B12: Slab | C12: 32.88 | D12: =+'Shuttering summary'!$C$8 -> 2234.6038 | E12: =+'RCC Summary'!$C$8 -> 17.145513
A13: 6 | B13: Typical Floor | F13: =+Blockwork!G308 -> 86.19 | G13: =+Blockwork!G311 -> 3920.03 | H13: =+Blockwork!G309 -> 55.17 | I13: =+Blockwork!G310 -> 30.8 | J13: =+Plaster!G544 -> 1187.3025 | K13: =+Plaster!G545 -> 2536.9035 | L13: =+Plaster!G552 -> 829.9544
B14: Column (Average) | C14: 20 | D14: =+'Shuttering summary'!$C$7 -> 1043.9505 | E14: =+'RCC Summary'!$C$7 -> 112.88205
B15: Slab | C15: 32.88 | D15: =+'Shuttering summary'!$C$8 -> 2234.6038 | E15: =+'RCC Summary'!$C$8 -> 17.145513

Sheet Summary Amt
A2: TOWER-E
C3: UNIT | D3: RATE | E3: QTY | F3: AMOUNT
B4: GRID(1-22)
A5: 1 | B5: COLUMN STEEL | C5: MT | D5: 9400 | E5: =25.83/2 -> 12.915 | F5: =D5*E5 -> 121401
A6: 2 | B6: COLUMN SHUTTERING | C6: SQM | D6: 465 | E6: =929.85/2 -> 464.925 | F6: =D6*E6 -> 216190.12
A7: 3 | B7: COLUMN RCC | C7: CUM | D7: 6850 | E7: 47.015 | F7: =D7*E7 -> 322052.75
A8: 4 | B8: SLAB SHUTTERING | C8: SQM | D8: 465 | E8: 1195.81 | F8: =D8*E8 -> 556051.65
A9: 5 | B9: SLAB STEEL | C9: MT | D9: 9400 | E9: 17.795 | F9: =D9*E9 -> 167273
A10: 6 | B10: SLAB RCC | C10: CUM | D10: 6850 | E10: 153.79 | F10: =D10*E10 -> 1053461.5
E12: A | F12: =SUBTOTAL(9,F4:F11) -> 2436430
B13: GRID(22-43)
A14: 1 | B14: COLUMN STEEL | C14: MT | D14: 9400 | E14: =25.83/2 -> 12.915 | F14: =D14*E14 -> 121401
A15: 2 | B15: COLUMN SHUTTERING | C15: SQM | D15: 465 | E15: =929.85/2 -> 464.925 | F15: =D15*E15 -> 216190.12
A16: 3 | B16: COLUMN RCC | C16: CUM | D16: 6850 | E16: 47.015 | F16: =D16*E16 -> 322052.75
A17: 4 | B17: SLAB SHUTTERING | C17: SQM | D17: 465 | E17: 1195.81 | F17: =D17*E17 -> 556051.65
A18: 5 | B18: SLAB STEEL | C18: MT | D18: 9400 | E18: 17.795 | F18: =D18*E18 -> 167273
A19: 6 | B19: SLAB RCC | C19: CUM | D19: 6850 | E19: 153.79 | F19: =D19*E19 -> 1053461.5
E21: B | F21: =SUBTOTAL(9,F13:F20) -> 2436430
E23: TOTAL (A+B) | F23: =SUBTOTAL(9,F5:F22) -> 4872860

Sheet Steel Summary
A1: Steel Summary
A2: S. No | B2: Particular | C2: Percentage | D2: Qty | J2: Total Qty
D3: 8mm | E3: 10mm | F3: 12mm | G3: 16mm | H3: 20mm | I3: 25mm
A4: 1 | B4: Raft | C4: 1 | D4: =+ROUND('Raft Steel'!M193/1000,2)*C4 -> 0 | E4: =+ROUND('Raft Steel'!N193/1000,2)*C4 -> 0.78 | F4: =+ROUND('Raft Steel'!O193/1000,2)*C4 -> 2.19 | G4: =+ROUND('Raft Steel'!P193/1000,2)*C4 -> 55.77 | H4: =+ROUND('Raft Steel'!Q193/1000,2)*C4 -> 17.32 | I4: =+ROUND('Raft Steel'!R193/1000,2)*C4 -> 16.81 | J4: =SUM(D4:I4) -> 92.87
A5: 2 | B5: Plinth Beam | C5: 1.05 | D5: =+ROUND('Plinth Steel'!M382/1000,2)*C5 -> 3.8115 | E5: =+ROUND('Plinth Steel'!N382/1000,2)*C5 -> 0.21 | F5: =+ROUND('Plinth Steel'!O382/1000,2)*C5 -> 1.5645 | G5: =+ROUND('Plinth Steel'!P382/1000,2)*C5 -> 5.0925 | H5: =+ROUND('Plinth Steel'!Q382/1000,2)*C5 -> 0.1575 | I5: =+ROUND('Plinth Steel'!R382/1000,2)*C5 -> 0 | J5: =SUM(D5:I5) -> 10.836
A6: 3 | B6: Typical Floor | C6: 1 | D6: =+ROUND('Typical floor STEEL'!M1155/1000,2)*$C$6 -> 33.03 | E6: =+ROUND('Typical floor STEEL'!N1155/1000,2)*$C$6 -> 6.74 | F6: =+ROUND('Typical floor STEEL'!O1155/1000,2)*$C$6 -> 4.41 | G6: =+ROUND('Typical floor STEEL'!P1155/1000,2)*$C$6 -> 0 | H6: =+ROUND('Typical floor STEEL'!Q1155/1000,2)*$C$6 -> 0.08 | I6: =+ROUND('Typical floor STEEL'!R1155/1000,2)*$C$6 -> 0 | J6: =SUM(D6:I6) -> 44.26
B7: Columns
A8: 2 | B8: Upto Plinth Lvl | C8: 1 | D8: =+ROUND('Columns Steel'!M180/1000,2)*C8 -> 2.68 | E8: =+ROUND('Columns Steel'!N180/1000,2)*C8 -> 5.69 | F8: =+ROUND('Columns Steel'!O180/1000,2)*C8 -> 2.93 | G8: =+ROUND('Columns Steel'!P180/1000,2)*C8 -> 7.89 | H8: =+ROUND('Columns Steel'!Q180/1000,2)*C8 -> 5.92 | I8: =+ROUND('Columns Steel'!R180/1000,2)*C8 -> 0.69 | J8: =SUM(D8:I8) -> 25.8
A9: 3 | B9: From Plinth to 1st floor lvl | C9: 1 | D9: =+ROUND('Columns Steel'!M365/1000,2)*C9 -> 4.76 | E9: =+ROUND('Columns Steel'!N365/1000,2)*C9 -> 5.85 | F9: =+ROUND('Columns Steel'!O365/1000,2)*C9 -> 3.02 | G9: =+ROUND('Columns Steel'!P365/1000,2)*C9 -> 5.97 | H9: =+ROUND('Columns Steel'!Q365/1000,2)*C9 -> 4.24 | I9: =+ROUND('Columns Steel'!R365/1000,2)*C9 -> 0.36 | J9: =SUM(D9:I9) -> 24.2
A10: 4 | B10: From 1st to 2nd Floor Lvl | C10: 1 | D10: =+ROUND('Columns Steel'!M549/1000,2)*C10 -> 4.29 | E10: =+ROUND('Columns Steel'!N549/1000,2)*C10 -> 5.42 | F10: =+ROUND('Columns Steel'!O549/1000,2)*C10 -> 3.79 | G10: =+ROUND('Columns Steel'!P549/1000,2)*C10 -> 4.94 | H10: =+ROUND('Columns Steel'!Q549/1000,2)*C10 -> 1.78 | I10: =+ROUND('Columns Steel'!R549/1000,2)*C10 -> 0.21 | J10: =SUM(D10:I10) -> 20.43
A11: 5 | B11: From 2nd to 3rd Floor Lvl | C11: 1 | D11: =+ROUND('Columns Steel'!M736/1000,2)*C11 -> 4.04 | E11: =+ROUND('Columns Steel'!N736/1000,2)*C11 -> 5.61 | F11: =+ROUND('Columns Steel'!O736/1000,2)*C11 -> 3.69 | G11: =+ROUND('Columns Steel'!P736/1000,2)*C11 -> 5.02 | H11: =+ROUND('Columns Steel'!Q736/1000,2)*C11 -> 0.86 | I11: =+ROUND('Columns Steel'!R736/1000,2)*C11 -> 0 | J11: =SUM(D11:I11) -> 19.22
A12: 5 | B12: From 3rd to 4rth Floor Lvl | C12: 1 | D12: =+'Columns Steel'!M926/1000 -> 4.0015238 | E12: =+'Columns Steel'!N926/1000 -> 5.6836189 | F12: =+'Columns Steel'!O926/1000 -> 4.129085 | G12: =+'Columns Steel'!P926/1000 -> 4.443276 | H12: =+'Columns Steel'!Q926/1000 -> 0.131856 | I12: =+'Columns Steel'!R926/1000 -> 0 | J12: =SUM(D12:I12) -> 18.38936

Sheet RCC Summary
A1: RCC Summary
A2: S. No | B2: Particular | C2: Qty
A4: 1 | B4: Raft | C4: =+RCC!G3 -> 1552.355
A5: 2 | B5: Column Upto Plinth Lvl | C5: =+RCC!G30 -> 80.35671
A6: 3 | B6: Plinth Beam | C6: =+RCC!G103 -> 69.31584
A7: 4 | B7: Typical floor Column | C7: =+'RCC Typical floor'!G30 -> 112.88205
A8: 5 | B8: Typical Floor | C8: =+'RCC Typical floor'!H128+'RCC Typical floor'!G240 -> 17.145513

Sheet Shuttering summary
A1: Shuttering Summary
A2: S. No | B2: Particular | C2: Qty
A4: 1 | B4: Raft | C4: =+'Shuttering Raft'!G4 -> 216.07
A5: 2 | B5: Column Upto Plinth Lvl | C5: =+'Shuttering Raft'!G31 -> 609.741
A6: 3 | B6: Plinth Beam | C6: =+'Shuttering Raft'!H172 -> 843.4487
A7: 4 | B7: Typical floor Column | C7: =+'Floor Shuttering'!G30 -> 1043.9505
A8: 5 | B8: Typical Floor | C8: =+'Floor Shuttering'!H316+'Floor Shuttering'!G428 -> 2234.6038

Sheet Raft Steel
A1: Reinforcement
A2: Sr. No. | B2: Beam Designation | C2: Dia | D2: C/C (mm) | E2: No | F2: No | G2: No of Bars | H2: Bar Length (mtr) | K2: Lap Length | L2: One Bar Length (MTR) | M2: Dia Wise Weight (Kg)
H3: a | I3: b | J3: c | M3: 8mm | N3: 10mm | O3: 12mm | P3: 16mm | Q3: 20MM | R3: 25mm
B5: Raft
B6: Main Bar @16 Dia (Top & Bottom) | C6: 16 | D6: 250 | E6: 2 | F6: 2 | G6: =+ROUND(8555/D6+1,0) -> 35 | H6: 0.65 | I6: =21.65-0.05*2 -> 21.55 | J6: 0.65 | K6: =50*C6/1000 -> 0.8 | L6: =SUM(H6:J6)+K6 -> 23.65 | M6: =+ROUND(IF(C6=8,PRODUCT(E6,F6,G6,L6),0),2) -> 0 | N6: =+ROUND(IF(C6=10,PRODUCT(E6,F6,G6,L6),0),2) -> 0 | O6: =+ROUND(IF(C6=12,PRODUCT(E6,F6,G6,L6),0),2) -> 0 | P6: =+ROUND(IF(C6=16,PRODUCT(E6,F6,G6,L6),0),2) -> 3311 | Q6: =+ROUND(IF(C6=20,PRODUCT(E6,F6,G6,L6),0),2) -> 0 | R6: =+ROUND(IF(C6=25,PRODUCT(E6,F6,G6,L6),0),2) -> 0
C7: 16 | D7: 250 | E7: 2 | F7: 2 | G7: =+ROUND(2535/D7,0) -> 10 | H7: 0.65 | I7: =+I6+0.515 -> 22.065 | J7: 0.65 | K7: =2*50*C7/1000 -> 1.6 | L7: =SUM(H7:J7)+K7 -> 24.965 | M7: =+ROUND(IF(C7=8,PRODUCT(E7,F7,G7,L7),0),2) -> 0 | N7: =+ROUND(IF(C7=10,PRODUCT(E7,F7,G7,L7),0),2) -> 0 | O7: =+ROUND(IF(C7=12,PRODUCT(E7,F7,G7,L7),0),2) -> 0 | P7: =+ROUND(IF(C7=16,PRODUCT(E7,F7,G7,L7),0),2) -> 998.6 | Q7: =+ROUND(IF(C7=20,PRODUCT(E7,F7,G7,L7),0),2) -> 0 | R7: =+ROUND(IF(C7=25,PRODUCT(E7,F7,G7,L7),0),2) -> 0
C8: 16 | D8: 250 | E8: 2 | F8: 2 | G8: =+ROUND(3660/D8,0) -> 15 | H8: 0.65 | I8: =32.45-0.1 -> 32.35 | J8: 0.65 | K8: =2*50*C8/1000 -> 1.6 | L8: =SUM(H8:J8)+K8 -> 35.25 | M8: =+ROUND(IF(C8=8,PRODUCT(E8,F8,G8,L8),0),2) -> 0 | N8: =+ROUND(IF(C8=10,PRODUCT(E8,F8,G8,L8),0),2) -> 0 | O8: =+ROUND(IF(C8=12,PRODUCT(E8,F8,G8,L8),0),2) -> 0 | P8: =+ROUND(IF(C8=16,PRODUCT(E8,F8,G8,L8),0),2) -> 2115 | Q8: =+ROUND(IF(C8=20,PRODUCT(E8,F8,G8,L8),0),2) -> 0 | R8: =+ROUND(IF(C8=25,PRODUCT(E8,F8,G8,L8),0),2) -> 0
C9: 16 | D9: 250 | E9: 2 | F9: 2 | G9: =+ROUND(2485/D9,0) -> 10 | H9: 0.65 | I9: 11.355 | J9: 0.65 | L9: =SUM(H9:J9)+K9 -> 12.655 | M9: =+ROUND(IF(C9=8,PRODUCT(E9,F9,G9,L9),0),2) -> 0 | N9: =+ROUND(IF(C9=10,PRODUCT(E9,F9,G9,L9),0),2) -> 0 | O9: =+ROUND(IF(C9=12,PRODUCT(E9,F9,G9,L9),0),2) -> 0 | P9: =+ROUND(IF(C9=16,PRODUCT(E9,F9,G9,L9),0),2) -> 506.2 | Q9: =+ROUND(IF(C9=20,PRODUCT(E9,F9,G9,L9),0),2) -> 0 | R9: =+ROUND(IF(C9=25,PRODUCT(E9,F9,G9,L9),0),2) -> 0
C10: 16 | D10: 250 | E10: 2 | F10: 2 | G10: =+ROUND(1420/D10,0) -> 6 | H10: 0.65 | I10: =11.355+0.515 -> 11.87 | J10: 0.65 | L10: =SUM(H10:J10)+K10 -> 13.17 | M10: =+ROUND(IF(C10=8,PRODUCT(E10,F10,G10,L10),0),2) -> 0 | N10: =+ROUND(IF(C10=10,PRODUCT(E10,F10,G10,L10),0),2) -> 0 | O10: =+ROUND(IF(C10=12,PRODUCT(E10,F10,G10,L10),0),2) -> 0 | P10: =+ROUND(IF(C10=16,PRODUCT(E10,F10,G10,L10),0),2) -> 316.08 | Q10: =+ROUND(IF(C10=20,PRODUCT(E10,F10,G10,L10),0),2) -> 0 | R10: =+ROUND(IF(C10=25,PRODUCT(E10,F10,G10,L10),0),2) -> 0
C11: 16 | D11: 250 | E11: 2 | F11: 2 | G11: =+ROUND(4005/D11,0) -> 16 | H11: 0.65 | I11: =18.01-0.1 -> 17.91 | J11: 0.65 | K11: =50*C11/1000 -> 0.8 | L11: =SUM(H11:J11)+K11 -> 20.01 | M11: =+ROUND(IF(C11=8,PRODUCT(E11,F11,G11,L11),0),2) -> 0 | N11: =+ROUND(IF(C11=10,PRODUCT(E11,F11,G11,L11),0),2) -> 0 | O11: =+ROUND(IF(C11=12,PRODUCT(E11,F11,G11,L11),0),2) -> 0 | P11: =+ROUND(IF(C11=16,PRODUCT(E11,F11,G11,L11),0),2) -> 1280.64 | Q11: =+ROUND(IF(C11=20,PRODUCT(E11,F11,G11,L11),0),2) -> 0 | R11: =+ROUND(IF(C11=25,PRODUCT(E11,F11,G11,L11),0),2) -> 0
C12: 16 | D12: 250 | E12: 2 | F12: 2 | G12: =+ROUND(1210/D12,0) -> 5 | H12: 0.65 | I12: =32.45-0.1 -> 32.35 | J12: 0.65 | K12: =2*50*C12/1000 -> 1.6 | L12: =SUM(H12:J12)+K12 -> 35.25 | M12: =+ROUND(IF(C12=8,PRODUCT(E12,F12,G12,L12),0),2) -> 0 | N12: =+ROUND(IF(C12=10,PRODUCT(E12,F12,G12,L12),0),2) -> 0 | O12: =+ROUND(IF(C12=12,PRODUCT(E12,F12,G12,L12),0),2) -> 0 | P12: =+ROUND(IF(C12=16,PRODUCT(E12,F12,G12,L12),0),2) -> 705 | Q12: =+ROUND(IF(C12=20,PRODUCT(E12,F12,G12,L12),0),2) -> 0 | R12: =+ROUND(IF(C12=25,PRODUCT(E12,F12,G12,L12),0),2) -> 0
C13: 16 | D13: 250 | E13: 2 | F13: 2 | G13: =+ROUND(3950/D13,0) -> 16 | H13: 0.65 | I13: =32.45-0.1-1.5 -> 30.85 | J13: 0.65 | K13: =2*50*C13/1000 -> 1.6 | L13: =SUM(H13:J13)+K13 -> 33.75 | M13: =+ROUND(IF(C13=8,PRODUCT(E13,F13,G13,L13),0),2) -> 0 | N13: =+ROUND(IF(C13=10,PRODUCT(E13,F13,G13,L13),0),2) -> 0 | O13: =+ROUND(IF(C13=12,PRODUCT(E13,F13,G13,L13),0),2) -> 0 | P13: =+ROUND(IF(C13=16,PRODUCT(E13,F13,G13,L13),0),2) -> 2160 | Q13: =+ROUND(IF(C13=20,PRODUCT(E13,F13,G13,L13),0),2) -> 0 | R13: =+ROUND(IF(C13=25,PRODUCT(E13,F13,G13,L13),0),2) -> 0
C14: 16 | D14: 250 | E14: 2 | F14: 2 | G14: =+ROUND(1595/D14,0) -> 6 | H14: 0.65 | I14: =32.45-0.1-1.5-0.815 -> 30.035 | J14: 0.65 | K14: =2*50*C14/1000 -> 1.6 | L14: =SUM(H14:J14)+K14 -> 32.935 | M14: =+ROUND(IF(C14=8,PRODUCT(E14,F14,G14,L14),0),2) -> 0 | N14: =+ROUND(IF(C14=10,PRODUCT(E14,F14,G14,L14),0),2) -> 0 | O14: =+ROUND(IF(C14=12,PRODUCT(E14,F14,G14,L14),0),2) -> 0 | P14: =+ROUND(IF(C14=16,PRODUCT(E14,F14,G14,L14),0),2) -> 790.44 | Q14: =+ROUND(IF(C14=20,PRODUCT(E14,F14,G14,L14),0),2) -> 0 | R14: =+ROUND(IF(C14=25,PRODUCT(E14,F14,G14,L14),0),2) -> 0
C15: 16 | D15: 250 | E15: 2 | F15: 2 | G15: =+ROUND(280/D15,0) -> 1 | H15: 0.65 | I15: =+I14-1.405 -> 28.63 | J15: 0.65 | K15: =2*50*C15/1000 -> 1.6 | L15: =SUM(H15:J15)+K15 -> 31.53 | M15: =+ROUND(IF(C15=8,PRODUCT(E15,F15,G15,L15),0),2) -> 0 | N15: =+ROUND(IF(C15=10,PRODUCT(E15,F15,G15,L15),0),2) -> 0 | O15: =+ROUND(IF(C15=12,PRODUCT(E15,F15,G15,L15),0),2) -> 0 | P15: =+ROUND(IF(C15=16,PRODUCT(E15,F15,G15,L15),0),2) -> 126.12 | Q15: =+ROUND(IF(C15=20,PRODUCT(E15,F15,G15,L15),0),2) -> 0 | R15: =+ROUND(IF(C15=25,PRODUCT(E15,F15,G15,L15),0),2) -> 0
C16: 16 | D16: 250 | E16: 2 | F16: 2 | G16: =+ROUND(13090/D16,0) -> 52 | H16: 0.65 | I16: 15.7 | J16: 0.65 | K16: =50*C16/1000 -> 0.8 | L16: =SUM(H16:J16)+K16 -> 17.8 | M16: =+ROUND(IF(C16=8,PRODUCT(E16,F16,G16,L16),0),2) -> 0 | N16: =+ROUND(IF(C16=10,PRODUCT(E16,F16,G16,L16),0),2) -> 0 | O16: =+ROUND(IF(C16=12,PRODUCT(E16,F16,G16,L16),0),2) -> 0 | P16: =+ROUND(IF(C16=16,PRODUCT(E16,F16,G16,L16),0),2) -> 3702.4 | Q16: =+ROUND(IF(C16=20,PRODUCT(E16,F16,G16,L16),0),2) -> 0 | R16: =+ROUND(IF(C16=25,PRODUCT(E16,F16,G16,L16),0),2) -> 0
B17: Dist. Bar @16 Dia (Top & Bottom) | C17: 16 | D17: 250 | E17: 2 | F17: 2 | G17: =+ROUND(465/D17,0) -> 2 | H17: 0.65 | I17: 8.68 | J17: 0.65 | L17: =SUM(H17:J17)+K17 -> 9.98 | M17: =+ROUND(IF(C17=8,PRODUCT(E17,F17,G17,L17),0),2) -> 0 | N17: =+ROUND(IF(C17=10,PRODUCT(E17,F17,G17,L17),0),2) -> 0 | O17: =+ROUND(IF(C17=12,PRODUCT(E17,F17,G17,L17),0),2) -> 0 | P17: =+ROUND(IF(C17=16,PRODUCT(E17,F17,G17,L17),0),2) -> 79.84 | Q17: =+ROUND(IF(C17=20,PRODUCT(E17,F17,G17,L17),0),2) -> 0 | R17: =+ROUND(IF(C17=25,PRODUCT(E17,F17,G17,L17),0),2) -> 0
C18: 16 | D18: 250 | E18: 2 | F18: 2 | G18: =+ROUND(10840/D18,0) -> 43 | H18: 0.65 | I18: 25.79 | J18: 0.65 | K18: =2*50*C18/1000 -> 1.6 | L18: =SUM(H18:J18)+K18 -> 28.69 | M18: =+ROUND(IF(C18=8,PRODUCT(E18,F18,G18,L18),0),2) -> 0 | N18: =+ROUND(IF(C18=10,PRODUCT(E18,F18,G18,L18),0),2) -> 0 | O18: =+ROUND(IF(C18=12,PRODUCT(E18,F18,G18,L18),0),2) -> 0 | P18: =+ROUND(IF(C18=16,PRODUCT(E18,F18,G18,L18),0),2) -> 4934.68 | Q18: =+ROUND(IF(C18=20,PRODUCT(E18,F18,G18,L18),0),2) -> 0 | R18: =+ROUND(IF(C18=25,PRODUCT(E18,F18,G18,L18),0),2) -> 0
C19: 16 | D19: 250 | E19: 2 | F19: 2 | G19: =+ROUND(2985/D19,0) -> 12 | H19: 0.65 | I19: 14.65 | J19: 0.65 | K19: 0.8 | L19: =SUM(H19:J19)+K19 -> 16.75 | M19: =+ROUND(IF(C19=8,PRODUCT(E19,F19,G19,L19),0),2) -> 0 | N19: =+ROUND(IF(C19=10,PRODUCT(E19,F19,G19,L19),0),2) -> 0 | O19: =+ROUND(IF(C19=12,PRODUCT(E19,F19,G19,L19),0),2) -> 0 | P19: =+ROUND(IF(C19=16,PRODUCT(E19,F19,G19,L19),0),2) -> 804 | Q19: =+ROUND(IF(C19=20,PRODUCT(E19,F19,G19,L19),0),2) -> 0 | R19: =+ROUND(IF(C19=25,PRODUCT(E19,F19,G19,L19),0),2) -> 0
C20: 16 | D20: 250 | E20: 2 | F20: 2 | G20: =+ROUND(1475/D20,0) -> 6 | H20: 0.65 | I20: 7.035 | J20: 0.65 | L20: =SUM(H20:J20)+K20 -> 8.335 | M20: =+ROUND(IF(C20=8,PRODUCT(E20,F20,G20,L20),0),2) -> 0 | N20: =+ROUND(IF(C20=10,PRODUCT(E20,F20,G20,L20),0),2) -> 0 | O20: =+ROUND(IF(C20=12,PRODUCT(E20,F20,G20,L20),0),2) -> 0 | P20: =+ROUND(IF(C20=16,PRODUCT(E20,F20,G20,L20),0),2) -> 200.04 | Q20: =+ROUND(IF(C20=20,PRODUCT(E20,F20,G20,L20),0),2) -> 0 | R20: =+ROUND(IF(C20=25,PRODUCT(E20,F20,G20,L20),0),2) -> 0
C21: 16 | D21: 250 | E21: 1 | F21: 2 | G21: =+ROUND(1510/D21,0) -> 6 | H21: 0.65 | I21: 40.35 | J21: 0.65 | K21: 2.4 | L21: =SUM(H21:J21)+K21 -> 44.05 | M21: =+ROUND(IF(C21=8,PRODUCT(E21,F21,G21,L21),0),2) -> 0 | N21: =+ROUND(IF(C21=10,PRODUCT(E21,F21,G21,L21),0),2) -> 0 | O21: =+ROUND(IF(C21=12,PRODUCT(E21,F21,G21,L21),0),2) -> 0 | P21: =+ROUND(IF(C21=16,PRODUCT(E21,F21,G21,L21),0),2) -> 528.6 | Q21: =+ROUND(IF(C21=20,PRODUCT(E21,F21,G21,L21),0),2) -> 0 | R21: =+ROUND(IF(C21=25,PRODUCT(E21,F21,G21,L21),0),2) -> 0
C22: 16 | D22: 250 | E22: 1 | F22: 2 | G22: =+ROUND(7725/D22,0) -> 31 | H22: 0.65 | I22: 77.86 | J22: 0.65 | K22: =0.8*7 -> 5.6 | L22: =SUM(H22:J22)+K22 -> 84.76 | M22: =+ROUND(IF(C22=8,PRODUCT(E22,F22,G22,L22),0),2) -> 0 | N22: =+ROUND(IF(C22=10,PRODUCT(E22,F22,G22,L22),0),2) -> 0 | O22: =+ROUND(IF(C22=12,PRODUCT(E22,F22,G22,L22),0),2) -> 0 | P22: =+ROUND(IF(C22=16,PRODUCT(E22,F22,G22,L22),0),2) -> 5255.12 | Q22: =+ROUND(IF(C22=20,PRODUCT(E22,F22,G22,L22),0),2) -> 0 | R22: =+ROUND(IF(C22=25,PRODUCT(E22,F22,G22,L22),0),2) -> 0
C23: 16 | D23: 250 | E23: 1 | F23: 2 | G23: =+ROUND(6565/D23,0) -> 26 | H23: 0.65 | I23: 55.68 | J23: 0.65 | K23: 4 | L23: =SUM(H23:J23)+K23 -> 60.98 | M23: =+ROUND(IF(C23=8,PRODUCT(E23,F23,G23,L23),0),2) -> 0 | N23: =+ROUND(IF(C23=10,PRODUCT(E23,F23,G23,L23),0),2) -> 0 | O23: =+ROUND(IF(C23=12,PRODUCT(E23,F23,G23,L23),0),2) -> 0 | P23: =+ROUND(IF(C23=16,PRODUCT(E23,F23,G23,L23),0),2) -> 3170.96 | Q23: =+ROUND(IF(C23=20,PRODUCT(E23,F23,G23,L23),0),2) -> 0 | R23: =+ROUND(IF(C23=25,PRODUCT(E23,F23,G23,L23),0),2) -> 0
C24: 16 | D24: 250 | E24: 2 | F24: 2 | G24: =+ROUND(1405/D24,0) -> 6 | H24: 0.65 | I24: 14.42 | J24: 0.65 | K24: 0.8 | L24: =SUM(H24:J24)+K24 -> 16.52 | M24: =+ROUND(IF(C24=8,PRODUCT(E24,F24,G24,L24),0),2) -> 0 | N24: =+ROUND(IF(C24=10,PRODUCT(E24,F24,G24,L24),0),2) -> 0 | O24: =+ROUND(IF(C24=12,PRODUCT(E24,F24,G24,L24),0),2) -> 0 | P24: =+ROUND(IF(C24=16,PRODUCT(E24,F24,G24,L24),0),2) -> 396.48 | Q24: =+ROUND(IF(C24=20,PRODUCT(E24,F24,G24,L24),0),2) -> 0 | R24: =+ROUND(IF(C24=25,PRODUCT(E24,F24,G24,L24),0),2) -> 0
C25: 16 | D25: 250 | E25: 2 | F25: 2 | G25: =+ROUND(815/D25,0) -> 3 | H25: 0.65 | I25: 12.725 | J25: 0.65 | K25: 0.8 | L25: =SUM(H25:J25)+K25 -> 14.825 | M25: =+ROUND(IF(C25=8,PRODUCT(E25,F25,G25,L25),0),2) -> 0 | N25: =+ROUND(IF(C25=10,PRODUCT(E25,F25,G25,L25),0),2) -> 0 | O25: =+ROUND(IF(C25=12,PRODUCT(E25,F25,G25,L25),0),2) -> 0 | P25: =+ROUND(IF(C25=16,PRODUCT(E25,F25,G25,L25),0),2) -> 177.9 | Q25: =+ROUND(IF(C25=20,PRODUCT(E25,F25,G25,L25),0),2) -> 0 | R25: =+ROUND(IF(C25=25,PRODUCT(E25,F25,G25,L25),0),2) -> 0
C26: 16 | D26: 250 | E26: 2 | F26: 2 | G26: =+ROUND(1500/D26,0) -> 6 | H26: 0.65 | I26: 8.775 | J26: 0.65 | L26: =SUM(H26:J26)+K26 -> 10.075 | M26: =+ROUND(IF(C26=8,PRODUCT(E26,F26,G26,L26),0),2) -> 0 | N26: =+ROUND(IF(C26=10,PRODUCT(E26,F26,G26,L26),0),2) -> 0 | O26: =+ROUND(IF(C26=12,PRODUCT(E26,F26,G26,L26),0),2) -> 0 | P26: =+ROUND(IF(C26=16,PRODUCT(E26,F26,G26,L26),0),2) -> 241.8 | Q26: =+ROUND(IF(C26=20,PRODUCT(E26,F26,G26,L26),0),2) -> 0 | R26: =+ROUND(IF(C26=25,PRODUCT(E26,F26,G26,L26),0),2) -> 0
B27: Lift Pit Raft | L27: =SUM(H27:J27)+K27 -> 0 | M27: =+ROUND(IF(C27=8,PRODUCT(E27,F27,G27,L27),0),2) -> 0 | N27: =+ROUND(IF(C27=10,PRODUCT(E27,F27,G27,L27),0),2) -> 0 | O27: =+ROUND(IF(C27=12,PRODUCT(E27,F27,G27,L27),0),2) -> 0 | P27: =+ROUND(IF(C27=16,PRODUCT(E27,F27,G27,L27),0),2) -> 0 | Q27: =+ROUND(IF(C27=20,PRODUCT(E27,F27,G27,L27),0),2) -> 0 | R27: =+ROUND(IF(C27=25,PRODUCT(E27,F27,G27,L27),0),2) -> 0
B28: Main Bar @16 Dia (Top & Bottom) | C28: 16 | D28: 250 | E28: 2 | F28: 2 | G28: =+ROUND(6065/D28,0) -> 24 | H28: 0.65 | I28: 5.045 | J28: 0.65 | L28: =SUM(H28:J28)+K28 -> 6.345 | M28: =+ROUND(IF(C28=8,PRODUCT(E28,F28,G28,L28),0),2) -> 0 | N28: =+ROUND(IF(C28=10,PRODUCT(E28,F28,G28,L28),0),2) -> 0 | O28: =+ROUND(IF(C28=12,PRODUCT(E28,F28,G28,L28),0),2) -> 0 | P28: =+ROUND(IF(C28=16,PRODUCT(E28,F28,G28,L28),0),2) -> 609.12 | Q28: =+ROUND(IF(C28=20,PRODUCT(E28,F28,G28,L28),0),2) -> 0 | R28: =+ROUND(IF(C28=25,PRODUCT(E28,F28,G28,L28),0),2) -> 0
C29: 16 | D29: 250 | E29: 2 | F29: 2 | G29: =+ROUND(5145/D29,0) -> 21 | H29: 0.65 | I29: 6.065 | J29: 0.65 | L29: =SUM(H29:J29)+K29 -> 7.365 | M29: =+ROUND(IF(C29=8,PRODUCT(E29,F29,G29,L29),0),2) -> 0 | N29: =+ROUND(IF(C29=10,PRODUCT(E29,F29,G29,L29),0),2) -> 0 | O29: =+ROUND(IF(C29=12,PRODUCT(E29,F29,G29,L29),0),2) -> 0 | P29: =+ROUND(IF(C29=16,PRODUCT(E29,F29,G29,L29),0),2) -> 618.66 | Q29: =+ROUND(IF(C29=20,PRODUCT(E29,F29,G29,L29),0),2) -> 0 | R29: =+ROUND(IF(C29=25,PRODUCT(E29,F29,G29,L29),0),2) -> 0
B30: Bottom Extra R/F | L30: =SUM(H30:J30)+K30 -> 0 | M30: =+ROUND(IF(C30=8,PRODUCT(E30,F30,G30,L30),0),2) -> 0 | N30: =+ROUND(IF(C30=10,PRODUCT(E30,F30,G30,L30),0),2) -> 0 | O30: =+ROUND(IF(C30=12,PRODUCT(E30,F30,G30,L30),0),2) -> 0 | P30: =+ROUND(IF(C30=16,PRODUCT(E30,F30,G30,L30),0),2) -> 0 | Q30: =+ROUND(IF(C30=20,PRODUCT(E30,F30,G30,L30),0),2) -> 0 | R30: =+ROUND(IF(C30=25,PRODUCT(E30,F30,G30,L30),0),2) -> 0
B31: Grid 1/P-Q (D & H) | C31: 25 | D31: 250 | E31: 2 | F31: 2 | G31: =+ROUND(2650/D31+1,0) -> 12 | I31: =6.01-0.05 -> 5.96 | L31: =SUM(H31:J31)+K31 -> 5.96 | M31: =+ROUND(IF(C31=8,PRODUCT(E31,F31,G31,L31),0),2) -> 0 | N31: =+ROUND(IF(C31=10,PRODUCT(E31,F31,G31,L31),0),2) -> 0 | O31: =+ROUND(IF(C31=12,PRODUCT(E31,F31,G31,L31),0),2) -> 0 | P31: =+ROUND(IF(C31=16,PRODUCT(E31,F31,G31,L31),0),2) -> 0 | Q31: =+ROUND(IF(C31=20,PRODUCT(E31,F31,G31,L31),0),2) -> 0 | R31: =+ROUND(IF(C31=25,PRODUCT(E31,F31,G31,L31),0),2) -> 286.08
B32: Grid 1/P-Q ( C ) | C32: 20 | D32: 250 | E32: 2 | F32: 1 | G32: =+ROUND(6010/D32+1,0) -> 25 | I32: 2.65 | L32: =SUM(H32:J32)+K32 -> 2.65 | M32: =+ROUND(IF(C32=8,PRODUCT(E32,F32,G32,L32),0),2) -> 0 | N32: =+ROUND(IF(C32=10,PRODUCT(E32,F32,G32,L32),0),2) -> 0 | O32: =+ROUND(IF(C32=12,PRODUCT(E32,F32,G32,L32),0),2) -> 0 | P32: =+ROUND(IF(C32=16,PRODUCT(E32,F32,G32,L32),0),2) -> 0 | Q32: =+ROUND(IF(C32=20,PRODUCT(E32,F32,G32,L32),0),2) -> 132.5 | R32: =+ROUND(IF(C32=25,PRODUCT(E32,F32,G32,L32),0),2) -> 0
B33: Grid 1/O (A) | C33: 12 | D33: 250 | E33: 2 | F33: 1 | G33: =+ROUND(1915/D33+1,0) -> 9 | I33: 1.65 | L33: =SUM(H33:J33)+K33 -> 1.65 | M33: =+ROUND(IF(C33=8,PRODUCT(E33,F33,G33,L33),0),2) -> 0 | N33: =+ROUND(IF(C33=10,PRODUCT(E33,F33,G33,L33),0),2) -> 0 | O33: =+ROUND(IF(C33=12,PRODUCT(E33,F33,G33,L33),0),2) -> 29.7 | P33: =+ROUND(IF(C33=16,PRODUCT(E33,F33,G33,L33),0),2) -> 0 | Q33: =+ROUND(IF(C33=20,PRODUCT(E33,F33,G33,L33),0),2) -> 0 | R33: =+ROUND(IF(C33=25,PRODUCT(E33,F33,G33,L33),0),2) -> 0
C34: 12 | D34: 250 | E34: 2 | F34: 1 | G34: =+ROUND(1650/D34+1,0) -> 8 | I34: 1.915 | L34: =SUM(H34:J34)+K34 -> 1.915 | M34: =+ROUND(IF(C34=8,PRODUCT(E34,F34,G34,L34),0),2) -> 0 | N34: =+ROUND(IF(C34=10,PRODUCT(E34,F34,G34,L34),0),2) -> 0 | O34: =+ROUND(IF(C34=12,PRODUCT(E34,F34,G34,L34),0),2) -> 30.64 | P34: =+ROUND(IF(C34=16,PRODUCT(E34,F34,G34,L34),0),2) -> 0 | Q34: =+ROUND(IF(C34=20,PRODUCT(E34,F34,G34,L34),0),2) -> 0 | R34: =+ROUND(IF(C34=25,PRODUCT(E34,F34,G34,L34),0),2) -> 0
B35: Grid 1/L-M (A) | C35: 12 | D35: 250 | E35: 2 | F35: 1 | G35: =+ROUND(1915/D35+1,0) -> 9 | I35: 1.65 | L35: =SUM(H35:J35)+K35 -> 1.65 | M35: =+ROUND(IF(C35=8,PRODUCT(E35,F35,G35,L35),0),2) -> 0 | N35: =+ROUND(IF(C35=10,PRODUCT(E35,F35,G35,L35),0),2) -> 0 | O35: =+ROUND(IF(C35=12,PRODUCT(E35,F35,G35,L35),0),2) -> 29.7 | P35: =+ROUND(IF(C35=16,PRODUCT(E35,F35,G35,L35),0),2) -> 0 | Q35: =+ROUND(IF(C35=20,PRODUCT(E35,F35,G35,L35),0),2) -> 0 | R35: =+ROUND(IF(C35=25,PRODUCT(E35,F35,G35,L35),0),2) -> 0
C36: 12 | D36: 250 | E36: 2 | F36: 1 | G36: =+ROUND(1650/D36+1,0) -> 8 | I36: 1.915 | L36: =SUM(H36:J36)+K36 -> 1.915 | M36: =+ROUND(IF(C36=8,PRODUCT(E36,F36,G36,L36),0),2) -> 0 | N36: =+ROUND(IF(C36=10,PRODUCT(E36,F36,G36,L36),0),2) -> 0 | O36: =+ROUND(IF(C36=12,PRODUCT(E36,F36,G36,L36),0),2) -> 30.64 | P36: =+ROUND(IF(C36=16,PRODUCT(E36,F36,G36,L36),0),2) -> 0 | Q36: =+ROUND(IF(C36=20,PRODUCT(E36,F36,G36,L36),0),2) -> 0 | R36: =+ROUND(IF(C36=25,PRODUCT(E36,F36,G36,L36),0),2) -> 0
B37: Grid 1/F-J (D & H) | C37: 25 | D37: 250 | E37: 2 | F37: 2 | G37: =+ROUND(2650/D37+1,0) -> 12 | I37: =6.01-0.05 -> 5.96 | L37: =SUM(H37:J37)+K37 -> 5.96 | M37: =+ROUND(IF(C37=8,PRODUCT(E37,F37,G37,L37),0),2) -> 0 | N37: =+ROUND(IF(C37=10,PRODUCT(E37,F37,G37,L37),0),2) -> 0 | O37: =+ROUND(IF(C37=12,PRODUCT(E37,F37,G37,L37),0),2) -> 0 | P37: =+ROUND(IF(C37=16,PRODUCT(E37,F37,G37,L37),0),2) -> 0 | Q37: =+ROUND(IF(C37=20,PRODUCT(E37,F37,G37,L37),0),2) -> 0 | R37: =+ROUND(IF(C37=25,PRODUCT(E37,F37,G37,L37),0),2) -> 286.08
B38: Grid 1/F-J ( C ) | C38: 20 | D38: 250 | E38: 2 | F38: 1 | G38: =+ROUND(6010/D38+1,0) -> 25 | I38: 2.65 | L38: =SUM(H38:J38)+K38 -> 2.65 | M38: =+ROUND(IF(C38=8,PRODUCT(E38,F38,G38,L38),0),2) -> 0 | N38: =+ROUND(IF(C38=10,PRODUCT(E38,F38,G38,L38),0),2) -> 0 | O38: =+ROUND(IF(C38=12,PRODUCT(E38,F38,G38,L38),0),2) -> 0 | P38: =+ROUND(IF(C38=16,PRODUCT(E38,F38,G38,L38),0),2) -> 0 | Q38: =+ROUND(IF(C38=20,PRODUCT(E38,F38,G38,L38),0),2) -> 132.5 | R38: =+ROUND(IF(C38=25,PRODUCT(E38,F38,G38,L38),0),2) -> 0
B39: Grid 3/Q & F ( C) | C39: 20 | D39: 250 | E39: 2 | F39: 2 | G39: =+ROUND(2800/D39+1,0) -> 12 | I39: 2.35 | L39: =SUM(H39:J39)+K39 -> 2.35 | M39: =+ROUND(IF(C39=8,PRODUCT(E39,F39,G39,L39),0),2) -> 0 | N39: =+ROUND(IF(C39=10,PRODUCT(E39,F39,G39,L39),0),2) -> 0 | O39: =+ROUND(IF(C39=12,PRODUCT(E39,F39,G39,L39),0),2) -> 0 | P39: =+ROUND(IF(C39=16,PRODUCT(E39,F39,G39,L39),0),2) -> 0 | Q39: =+ROUND(IF(C39=20,PRODUCT(E39,F39,G39,L39),0),2) -> 112.8 | R39: =+ROUND(IF(C39=25,PRODUCT(E39,F39,G39,L39),0),2) -> 0
B40: Grid 3/Q & F( D) | C40: 25 | D40: 250 | E40: 2 | F40: 2 | G40: =+ROUND(2350/D40+1,0) -> 10 | I40: 2.8 | L40: =SUM(H40:J40)+K40 -> 2.8 | M40: =+ROUND(IF(C40=8,PRODUCT(E40,F40,G40,L40),0),2) -> 0 | N40: =+ROUND(IF(C40=10,PRODUCT(E40,F40,G40,L40),0),2) -> 0 | O40: =+ROUND(IF(C40=12,PRODUCT(E40,F40,G40,L40),0),2) -> 0 | P40: =+ROUND(IF(C40=16,PRODUCT(E40,F40,G40,L40),0),2) -> 0 | Q40: =+ROUND(IF(C40=20,PRODUCT(E40,F40,G40,L40),0),2) -> 0 | R40: =+ROUND(IF(C40=25,PRODUCT(E40,F40,G40,L40),0),2) -> 112
B41: Grid 3/P & J (D) | C41: 25 | D41: 250 | E41: 2 | F41: 2 | G41: =+ROUND(2850/D41+1,0) -> 12 | I41: 2.75 | L41: =SUM(H41:J41)+K41 -> 2.75 | M41: =+ROUND(IF(C41=8,PRODUCT(E41,F41,G41,L41),0),2) -> 0 | N41: =+ROUND(IF(C41=10,PRODUCT(E41,F41,G41,L41),0),2) -> 0 | O41: =+ROUND(IF(C41=12,PRODUCT(E41,F41,G41,L41),0),2) -> 0 | P41: =+ROUND(IF(C41=16,PRODUCT(E41,F41,G41,L41),0),2) -> 0 | Q41: =+ROUND(IF(C41=20,PRODUCT(E41,F41,G41,L41),0),2) -> 0 | R41: =+ROUND(IF(C41=25,PRODUCT(E41,F41,G41,L41),0),2) -> 132
B42: Grid 3/P & J (G) | C42: 20 | D42: 250 | E42: 2 | F42: 2 | G42: =+ROUND(2800/D42+1,0) -> 12 | I42: 2.75 | L42: =SUM(H42:J42)+K42 -> 2.75 | M42: =+ROUND(IF(C42=8,PRODUCT(E42,F42,G42,L42),0),2) -> 0 | N42: =+ROUND(IF(C42=10,PRODUCT(E42,F42,G42,L42),0),2) -> 0 | O42: =+ROUND(IF(C42=12,PRODUCT(E42,F42,G42,L42),0),2) -> 0 | P42: =+ROUND(IF(C42=16,PRODUCT(E42,F42,G42,L42),0),2) -> 0 | Q42: =+ROUND(IF(C42=20,PRODUCT(E42,F42,G42,L42),0),2) -> 132 | R42: =+ROUND(IF(C42=25,PRODUCT(E42,F42,G42,L42),0),2) -> 0
B43: Grid 3/P & J (D) | C43: 25 | D43: 250 | E43: 2 | F43: 2 | G43: =+ROUND(2800/D43+1,0) -> 12 | I43: 2.8 | L43: =SUM(H43:J43)+K43 -> 2.8 | M43: =+ROUND(IF(C43=8,PRODUCT(E43,F43,G43,L43),0),2) -> 0 | N43: =+ROUND(IF(C43=10,PRODUCT(E43,F43,G43,L43),0),2) -> 0 | O43: =+ROUND(IF(C43=12,PRODUCT(E43,F43,G43,L43),0),2) -> 0 | P43: =+ROUND(IF(C43=16,PRODUCT(E43,F43,G43,L43),0),2) -> 0 | Q43: =+ROUND(IF(C43=20,PRODUCT(E43,F43,G43,L43),0),2) -> 0 | R43: =+ROUND(IF(C43=25,PRODUCT(E43,F43,G43,L43),0),2) -> 134.4
B44: Grid 3/P & J (G) | C44: 20 | D44: 250 | E44: 2 | F44: 2 | G44: =+ROUND(2800/D44+1,0) -> 12 | I44: 2.8 | L44: =SUM(H44:J44)+K44 -> 2.8 | M44: =+ROUND(IF(C44=8,PRODUCT(E44,F44,G44,L44),0),2) -> 0 | N44: =+ROUND(IF(C44=10,PRODUCT(E44,F44,G44,L44),0),2) -> 0 | O44: =+ROUND(IF(C44=12,PRODUCT(E44,F44,G44,L44),0),2) -> 0 | P44: =+ROUND(IF(C44=16,PRODUCT(E44,F44,G44,L44),0),2) -> 0 | Q44: =+ROUND(IF(C44=20,PRODUCT(E44,F44,G44,L44),0),2) -> 134.4 | R44: =+ROUND(IF(C44=25,PRODUCT(E44,F44,G44,L44),0),2) -> 0
B45: Grid 2/O & L (B) | C45: 16 | D45: 250 | E45: 2 | F45: 2 | G45: =+ROUND(2300/D45+1,0) -> 10 | I45: 2.2 | L45: =SUM(H45:J45)+K45 -> 2.2 | M45: =+ROUND(IF(C45=8,PRODUCT(E45,F45,G45,L45),0),2) -> 0 | N45: =+ROUND(IF(C45=10,PRODUCT(E45,F45,G45,L45),0),2) -> 0 | O45: =+ROUND(IF(C45=12,PRODUCT(E45,F45,G45,L45),0),2) -> 0 | P45: =+ROUND(IF(C45=16,PRODUCT(E45,F45,G45,L45),0),2) -> 88 | Q45: =+ROUND(IF(C45=20,PRODUCT(E45,F45,G45,L45),0),2) -> 0 | R45: =+ROUND(IF(C45=25,PRODUCT(E45,F45,G45,L45),0),2) -> 0
B46: Grid 2/O & L (c) | C46: 20 | D46: 250 | E46: 2 | F46: 2 | G46: =+ROUND(2300/D46+1,0) -> 10 | I46: 2.3 | L46: =SUM(H46:J46)+K46 -> 2.3 | M46: =+ROUND(IF(C46=8,PRODUCT(E46,F46,G46,L46),0),2) -> 0 | N46: =+ROUND(IF(C46=10,PRODUCT(E46,F46,G46,L46),0),2) -> 0 | O46: =+ROUND(IF(C46=12,PRODUCT(E46,F46,G46,L46),0),2) -> 0 | P46: =+ROUND(IF(C46=16,PRODUCT(E46,F46,G46,L46),0),2) -> 0 | Q46: =+ROUND(IF(C46=20,PRODUCT(E46,F46,G46,L46),0),2) -> 92 | R46: =+ROUND(IF(C46=25,PRODUCT(E46,F46,G46,L46),0),2) -> 0
B47: Grid 4/L (D) | C47: 25 | D47: 250 | E47: 2 | F47: 1 | G47: =+ROUND(3250/D47+1,0) -> 14 | I47: 2.8 | L47: =SUM(H47:J47)+K47 -> 2.8 | M47: =+ROUND(IF(C47=8,PRODUCT(E47,F47,G47,L47),0),2) -> 0 | N47: =+ROUND(IF(C47=10,PRODUCT(E47,F47,G47,L47),0),2) -> 0 | O47: =+ROUND(IF(C47=12,PRODUCT(E47,F47,G47,L47),0),2) -> 0 | P47: =+ROUND(IF(C47=16,PRODUCT(E47,F47,G47,L47),0),2) -> 0 | Q47: =+ROUND(IF(C47=20,PRODUCT(E47,F47,G47,L47),0),2) -> 0 | R47: =+ROUND(IF(C47=25,PRODUCT(E47,F47,G47,L47),0),2) -> 78.4
B48: Grid 4/L (D) | C48: 25 | D48: 250 | E48: 2 | F48: 1 | G48: =+ROUND(2800/D48+1,0) -> 12 | I48: 3.25 | L48: =SUM(H48:J48)+K48 -> 3.25 | M48: =+ROUND(IF(C48=8,PRODUCT(E48,F48,G48,L48),0),2) -> 0 | N48: =+ROUND(IF(C48=10,PRODUCT(E48,F48,G48,L48),0),2) -> 0 | O48: =+ROUND(IF(C48=12,PRODUCT(E48,F48,G48,L48),0),2) -> 0 | P48: =+ROUND(IF(C48=16,PRODUCT(E48,F48,G48,L48),0),2) -> 0 | Q48: =+ROUND(IF(C48=20,PRODUCT(E48,F48,G48,L48),0),2) -> 0 | R48: =+ROUND(IF(C48=25,PRODUCT(E48,F48,G48,L48),0),2) -> 78
B49: Grid 4/O (D) | C49: 25 | D49: 250 | E49: 2 | F49: 1 | G49: =+ROUND(2800/D49+1,0) -> 12 | I49: 3.25 | L49: =SUM(H49:J49)+K49 -> 3.25 | M49: =+ROUND(IF(C49=8,PRODUCT(E49,F49,G49,L49),0),2) -> 0 | N49: =+ROUND(IF(C49=10,PRODUCT(E49,F49,G49,L49),0),2) -> 0 | O49: =+ROUND(IF(C49=12,PRODUCT(E49,F49,G49,L49),0),2) -> 0 | P49: =+ROUND(IF(C49=16,PRODUCT(E49,F49,G49,L49),0),2) -> 0 | Q49: =+ROUND(IF(C49=20,PRODUCT(E49,F49,G49,L49),0),2) -> 0 | R49: =+ROUND(IF(C49=25,PRODUCT(E49,F49,G49,L49),0),2) -> 78
B50: Grid 4/O (C & G) | C50: 20 | D50: 250 | E50: 2 | F50: 2 | G50: =+ROUND(3250/D50+1,0) -> 14 | I50: 2.8 | L50: =SUM(H50:J50)+K50 -> 2.8 | M50: =+ROUND(IF(C50=8,PRODUCT(E50,F50,G50,L50),0),2) -> 0 | N50: =+ROUND(IF(C50=10,PRODUCT(E50,F50,G50,L50),0),2) -> 0 | O50: =+ROUND(IF(C50=12,PRODUCT(E50,F50,G50,L50),0),2) -> 0 | P50: =+ROUND(IF(C50=16,PRODUCT(E50,F50,G50,L50),0),2) -> 0 | Q50: =+ROUND(IF(C50=20,PRODUCT(E50,F50,G50,L50),0),2) -> 156.8 | R50: =+ROUND(IF(C50=25,PRODUCT(E50,F50,G50,L50),0),2) -> 0
B51: Grid 5/F & Q ( C ) | C51: 20 | D51: 250 | E51: 2 | F51: 2 | G51: =+ROUND(2300/D51+1,0) -> 10 | I51: 1.98 | L51: =SUM(H51:J51)+K51 -> 1.98 | M51: =+ROUND(IF(C51=8,PRODUCT(E51,F51,G51,L51),0),2) -> 0 | N51: =+ROUND(IF(C51=10,PRODUCT(E51,F51,G51,L51),0),2) -> 0 | O51: =+ROUND(IF(C51=12,PRODUCT(E51,F51,G51,L51),0),2) -> 0 | P51: =+ROUND(IF(C51=16,PRODUCT(E51,F51,G51,L51),0),2) -> 0 | Q51: =+ROUND(IF(C51=20,PRODUCT(E51,F51,G51,L51),0),2) -> 79.2 | R51: =+ROUND(IF(C51=25,PRODUCT(E51,F51,G51,L51),0),2) -> 0
C52: 20 | D52: 250 | E52: 2 | F52: 2 | G52: =+ROUND(1980/D52+1,0) -> 9 | I52: 2.3 | L52: =SUM(H52:J52)+K52 -> 2.3 | M52: =+ROUND(IF(C52=8,PRODUCT(E52,F52,G52,L52),0),2) -> 0 | N52: =+ROUND(IF(C52=10,PRODUCT(E52,F52,G52,L52),0),2) -> 0 | O52: =+ROUND(IF(C52=12,PRODUCT(E52,F52,G52,L52),0),2) -> 0 | P52: =+ROUND(IF(C52=16,PRODUCT(E52,F52,G52,L52),0),2) -> 0 | Q52: =+ROUND(IF(C52=20,PRODUCT(E52,F52,G52,L52),0),2) -> 82.8 | R52: =+ROUND(IF(C52=25,PRODUCT(E52,F52,G52,L52),0),2) -> 0
B53: Grid 5/J & P (C ) | C53: 20 | D53: 250 | E53: 2 | F53: 2 | G53: =+ROUND(3250/D53+1,0) -> 14 | I53: 2.3 | L53: =SUM(H53:J53)+K53 -> 2.3 | M53: =+ROUND(IF(C53=8,PRODUCT(E53,F53,G53,L53),0),2) -> 0 | N53: =+ROUND(IF(C53=10,PRODUCT(E53,F53,G53,L53),0),2) -> 0 | O53: =+ROUND(IF(C53=12,PRODUCT(E53,F53,G53,L53),0),2) -> 0 | P53: =+ROUND(IF(C53=16,PRODUCT(E53,F53,G53,L53),0),2) -> 0 | Q53: =+ROUND(IF(C53=20,PRODUCT(E53,F53,G53,L53),0),2) -> 128.8 | R53: =+ROUND(IF(C53=25,PRODUCT(E53,F53,G53,L53),0),2) -> 0
B54: Grid 5/J & P (D ) | C54: 25 | D54: 250 | E54: 2 | F54: 2 | G54: =+ROUND(2300/D54+1,0) -> 10 | I54: 3.25 | L54: =SUM(H54:J54)+K54 -> 3.25 | M54: =+ROUND(IF(C54=8,PRODUCT(E54,F54,G54,L54),0),2) -> 0 | N54: =+ROUND(IF(C54=10,PRODUCT(E54,F54,G54,L54),0),2) -> 0 | O54: =+ROUND(IF(C54=12,PRODUCT(E54,F54,G54,L54),0),2) -> 0 | P54: =+ROUND(IF(C54=16,PRODUCT(E54,F54,G54,L54),0),2) -> 0 | Q54: =+ROUND(IF(C54=20,PRODUCT(E54,F54,G54,L54),0),2) -> 0 | R54: =+ROUND(IF(C54=25,PRODUCT(E54,F54,G54,L54),0),2) -> 130
B55: Grid 5-6/N (D ) | C55: 25 | D55: 250 | E55: 2 | F55: 1 | G55: =+ROUND(3100/D55+1,0) -> 13 | I55: 2.8 | L55: =SUM(H55:J55)+K55 -> 2.8 | M55: =+ROUND(IF(C55=8,PRODUCT(E55,F55,G55,L55),0),2) -> 0 | N55: =+ROUND(IF(C55=10,PRODUCT(E55,F55,G55,L55),0),2) -> 0 | O55: =+ROUND(IF(C55=12,PRODUCT(E55,F55,G55,L55),0),2) -> 0 | P55: =+ROUND(IF(C55=16,PRODUCT(E55,F55,G55,L55),0),2) -> 0 | Q55: =+ROUND(IF(C55=20,PRODUCT(E55,F55,G55,L55),0),2) -> 0 | R55: =+ROUND(IF(C55=25,PRODUCT(E55,F55,G55,L55),0),2) -> 72.8
B56: Grid 5-6/N (D ) | C56: 25 | D56: 250 | E56: 2 | F56: 1 | G56: =+ROUND(2800/D56+1,0) -> 12 | I56: 3.1 | L56: =SUM(H56:J56)+K56 -> 3.1 | M56: =+ROUND(IF(C56=8,PRODUCT(E56,F56,G56,L56),0),2) -> 0 | N56: =+ROUND(IF(C56=10,PRODUCT(E56,F56,G56,L56),0),2) -> 0 | O56: =+ROUND(IF(C56=12,PRODUCT(E56,F56,G56,L56),0),2) -> 0 | P56: =+ROUND(IF(C56=16,PRODUCT(E56,F56,G56,L56),0),2) -> 0 | Q56: =+ROUND(IF(C56=20,PRODUCT(E56,F56,G56,L56),0),2) -> 0 | R56: =+ROUND(IF(C56=25,PRODUCT(E56,F56,G56,L56),0),2) -> 74.4
B57: Grid 6/A ( C ) | C57: 20 | D57: 250 | E57: 2 | F57: 1 | G57: =+ROUND(2000/D57+1,0) -> 9 | I57: 3.4 | L57: =SUM(H57:J57)+K57 -> 3.4 | M57: =+ROUND(IF(C57=8,PRODUCT(E57,F57,G57,L57),0),2) -> 0 | N57: =+ROUND(IF(C57=10,PRODUCT(E57,F57,G57,L57),0),2) -> 0 | O57: =+ROUND(IF(C57=12,PRODUCT(E57,F57,G57,L57),0),2) -> 0 | P57: =+ROUND(IF(C57=16,PRODUCT(E57,F57,G57,L57),0),2) -> 0 | Q57: =+ROUND(IF(C57=20,PRODUCT(E57,F57,G57,L57),0),2) -> 61.2 | R57: =+ROUND(IF(C57=25,PRODUCT(E57,F57,G57,L57),0),2) -> 0
B58: Grid 6/A ( A ) | C58: 12 | D58: 250 | E58: 2 | F58: 1 | G58: =+ROUND(3400/D58+1,0) -> 15 | I58: 2 | L58: =SUM(H58:J58)+K58 -> 2 | M58: =+ROUND(IF(C58=8,PRODUCT(E58,F58,G58,L58),0),2) -> 0 | N58: =+ROUND(IF(C58=10,PRODUCT(E58,F58,G58,L58),0),2) -> 0 | O58: =+ROUND(IF(C58=12,PRODUCT(E58,F58,G58,L58),0),2) -> 60 | P58: =+ROUND(IF(C58=16,PRODUCT(E58,F58,G58,L58),0),2) -> 0 | Q58: =+ROUND(IF(C58=20,PRODUCT(E58,F58,G58,L58),0),2) -> 0 | R58: =+ROUND(IF(C58=25,PRODUCT(E58,F58,G58,L58),0),2) -> 0
B59: Grid 6/D ( C ) | C59: 20 | D59: 250 | E59: 2 | F59: 1 | G59: =+ROUND(1900/D59+1,0) -> 9 | I59: 2.3 | L59: =SUM(H59:J59)+K59 -> 2.3 | M59: =+ROUND(IF(C59=8,PRODUCT(E59,F59,G59,L59),0),2) -> 0 | N59: =+ROUND(IF(C59=10,PRODUCT(E59,F59,G59,L59),0),2) -> 0 | O59: =+ROUND(IF(C59=12,PRODUCT(E59,F59,G59,L59),0),2) -> 0 | P59: =+ROUND(IF(C59=16,PRODUCT(E59,F59,G59,L59),0),2) -> 0 | Q59: =+ROUND(IF(C59=20,PRODUCT(E59,F59,G59,L59),0),2) -> 41.4 | R59: =+ROUND(IF(C59=25,PRODUCT(E59,F59,G59,L59),0),2) -> 0
B60: Grid 6/D ( A ) | C60: 12 | D60: 250 | E60: 2 | F60: 1 | G60: =+ROUND(2300/D60+1,0) -> 10 | I60: 1.9 | L60: =SUM(H60:J60)+K60 -> 1.9 | M60: =+ROUND(IF(C60=8,PRODUCT(E60,F60,G60,L60),0),2) -> 0 | N60: =+ROUND(IF(C60=10,PRODUCT(E60,F60,G60,L60),0),2) -> 0 | O60: =+ROUND(IF(C60=12,PRODUCT(E60,F60,G60,L60),0),2) -> 38 | P60: =+ROUND(IF(C60=16,PRODUCT(E60,F60,G60,L60),0),2) -> 0 | Q60: =+ROUND(IF(C60=20,PRODUCT(E60,F60,G60,L60),0),2) -> 0 | R60: =+ROUND(IF(C60=25,PRODUCT(E60,F60,G60,L60),0),2) -> 0
B61: Grid 7/E ( C ) | C61: 20 | D61: 250 | E61: 2 | F61: 1 | G61: =+ROUND(2300/D61+1,0) -> 10 | I61: 2.715 | L61: =SUM(H61:J61)+K61 -> 2.715 | M61: =+ROUND(IF(C61=8,PRODUCT(E61,F61,G61,L61),0),2) -> 0 | N61: =+ROUND(IF(C61=10,PRODUCT(E61,F61,G61,L61),0),2) -> 0 | O61: =+ROUND(IF(C61=12,PRODUCT(E61,F61,G61,L61),0),2) -> 0 | P61: =+ROUND(IF(C61=16,PRODUCT(E61,F61,G61,L61),0),2) -> 0 | Q61: =+ROUND(IF(C61=20,PRODUCT(E61,F61,G61,L61),0),2) -> 54.3 | R61: =+ROUND(IF(C61=25,PRODUCT(E61,F61,G61,L61),0),2) -> 0
B62: Grid 7/E ( C ) | C62: 20 | D62: 250 | E62: 2 | F62: 1 | G62: =+ROUND(2715/D62+1,0) -> 12 | I62: 2.3 | L62: =SUM(H62:J62)+K62 -> 2.3 | M62: =+ROUND(IF(C62=8,PRODUCT(E62,F62,G62,L62),0),2) -> 0 | N62: =+ROUND(IF(C62=10,PRODUCT(E62,F62,G62,L62),0),2) -> 0 | O62: =+ROUND(IF(C62=12,PRODUCT(E62,F62,G62,L62),0),2) -> 0 | P62: =+ROUND(IF(C62=16,PRODUCT(E62,F62,G62,L62),0),2) -> 0 | Q62: =+ROUND(IF(C62=20,PRODUCT(E62,F62,G62,L62),0),2) -> 55.2 | R62: =+ROUND(IF(C62=25,PRODUCT(E62,F62,G62,L62),0),2) -> 0
B63: Grid 7/H ( D ) | C63: 25 | D63: 250 | E63: 2 | F63: 1 | G63: =+ROUND(2800/D63+1,0) -> 12 | I63: 3.25 | L63: =SUM(H63:J63)+K63 -> 3.25 | M63: =+ROUND(IF(C63=8,PRODUCT(E63,F63,G63,L63),0),2) -> 0 | N63: =+ROUND(IF(C63=10,PRODUCT(E63,F63,G63,L63),0),2) -> 0 | O63: =+ROUND(IF(C63=12,PRODUCT(E63,F63,G63,L63),0),2) -> 0 | P63: =+ROUND(IF(C63=16,PRODUCT(E63,F63,G63,L63),0),2) -> 0 | Q63: =+ROUND(IF(C63=20,PRODUCT(E63,F63,G63,L63),0),2) -> 0 | R63: =+ROUND(IF(C63=25,PRODUCT(E63,F63,G63,L63),0),2) -> 78
B64: Grid 7/H ( D ) | C64: 25 | D64: 250 | E64: 2 | F64: 1 | G64: =+ROUND(3250/D64+1,0) -> 14 | I64: 2.8 | L64: =SUM(H64:J64)+K64 -> 2.8 | M64: =+ROUND(IF(C64=8,PRODUCT(E64,F64,G64,L64),0),2) -> 0 | N64: =+ROUND(IF(C64=10,PRODUCT(E64,F64,G64,L64),0),2) -> 0 | O64: =+ROUND(IF(C64=12,PRODUCT(E64,F64,G64,L64),0),2) -> 0 | P64: =+ROUND(IF(C64=16,PRODUCT(E64,F64,G64,L64),0),2) -> 0 | Q64: =+ROUND(IF(C64=20,PRODUCT(E64,F64,G64,L64),0),2) -> 0 | R64: =+ROUND(IF(C64=25,PRODUCT(E64,F64,G64,L64),0),2) -> 78.4
B65: Grid 7/L ( C ) | C65: 20 | D65: 250 | E65: 2 | F65: 1 | G65: =+ROUND(1850/D65+1,0) -> 8 | I65: 2.75 | L65: =SUM(H65:J65)+K65 -> 2.75 | M65: =+ROUND(IF(C65=8,PRODUCT(E65,F65,G65,L65),0),2) -> 0 | N65: =+ROUND(IF(C65=10,PRODUCT(E65,F65,G65,L65),0),2) -> 0 | O65: =+ROUND(IF(C65=12,PRODUCT(E65,F65,G65,L65),0),2) -> 0 | P65: =+ROUND(IF(C65=16,PRODUCT(E65,F65,G65,L65),0),2) -> 0 | Q65: =+ROUND(IF(C65=20,PRODUCT(E65,F65,G65,L65),0),2) -> 44 | R65: =+ROUND(IF(C65=25,PRODUCT(E65,F65,G65,L65),0),2) -> 0
B66: Grid 7/L ( C +G) | C66: 20 | D66: 250 | E66: 2 | F66: 2 | G66: =+ROUND(2750/D66+1,0) -> 12 | I66: 1.85 | L66: =SUM(H66:J66)+K66 -> 1.85 | M66: =+ROUND(IF(C66=8,PRODUCT(E66,F66,G66,L66),0),2) -> 0 | N66: =+ROUND(IF(C66=10,PRODUCT(E66,F66,G66,L66),0),2) -> 0 | O66: =+ROUND(IF(C66=12,PRODUCT(E66,F66,G66,L66),0),2) -> 0 | P66: =+ROUND(IF(C66=16,PRODUCT(E66,F66,G66,L66),0),2) -> 0 | Q66: =+ROUND(IF(C66=20,PRODUCT(E66,F66,G66,L66),0),2) -> 88.8 | R66: =+ROUND(IF(C66=25,PRODUCT(E66,F66,G66,L66),0),2) -> 0
B67: Grid 6/O & Q ( D) | C67: 25 | D67: 250 | E67: 2 | F67: 2 | G67: =+ROUND(2300/D67+1,0) -> 10 | I67: 3.25 | L67: =SUM(H67:J67)+K67 -> 3.25 | M67: =+ROUND(IF(C67=8,PRODUCT(E67,F67,G67,L67),0),2) -> 0 | N67: =+ROUND(IF(C67=10,PRODUCT(E67,F67,G67,L67),0),2) -> 0 | O67: =+ROUND(IF(C67=12,PRODUCT(E67,F67,G67,L67),0),2) -> 0 | P67: =+ROUND(IF(C67=16,PRODUCT(E67,F67,G67,L67),0),2) -> 0 | Q67: =+ROUND(IF(C67=20,PRODUCT(E67,F67,G67,L67),0),2) -> 0 | R67: =+ROUND(IF(C67=25,PRODUCT(E67,F67,G67,L67),0),2) -> 130
B68: Grid 6/O & Q ( C) | C68: 20 | D68: 250 | E68: 2 | F68: 2 | G68: =+ROUND(3250/D68+1,0) -> 14 | I68: 2.3 | L68: =SUM(H68:J68)+K68 -> 2.3 | M68: =+ROUND(IF(C68=8,PRODUCT(E68,F68,G68,L68),0),2) -> 0 | N68: =+ROUND(IF(C68=10,PRODUCT(E68,F68,G68,L68),0),2) -> 0 | O68: =+ROUND(IF(C68=12,PRODUCT(E68,F68,G68,L68),0),2) -> 0 | P68: =+ROUND(IF(C68=16,PRODUCT(E68,F68,G68,L68),0),2) -> 0 | Q68: =+ROUND(IF(C68=20,PRODUCT(E68,F68,G68,L68),0),2) -> 128.8 | R68: =+ROUND(IF(C68=25,PRODUCT(E68,F68,G68,L68),0),2) -> 0
B69: Grid 9/A ( D) | C69: 25 | D69: 250 | E69: 2 | F69: 1 | G69: =+ROUND(2300/D69+1,0) -> 10 | I69: 2.6 | L69: =SUM(H69:J69)+K69 -> 2.6 | M69: =+ROUND(IF(C69=8,PRODUCT(E69,F69,G69,L69),0),2) -> 0 | N69: =+ROUND(IF(C69=10,PRODUCT(E69,F69,G69,L69),0),2) -> 0 | O69: =+ROUND(IF(C69=12,PRODUCT(E69,F69,G69,L69),0),2) -> 0 | P69: =+ROUND(IF(C69=16,PRODUCT(E69,F69,G69,L69),0),2) -> 0 | Q69: =+ROUND(IF(C69=20,PRODUCT(E69,F69,G69,L69),0),2) -> 0 | R69: =+ROUND(IF(C69=25,PRODUCT(E69,F69,G69,L69),0),2) -> 52
B70: Grid 9/A ( C) | C70: 20 | D70: 250 | E70: 2 | F70: 1 | G70: =+ROUND(2600/D70+1,0) -> 11 | I70: 2.3 | L70: =SUM(H70:J70)+K70 -> 2.3 | M70: =+ROUND(IF(C70=8,PRODUCT(E70,F70,G70,L70),0),2) -> 0 | N70: =+ROUND(IF(C70=10,PRODUCT(E70,F70,G70,L70),0),2) -> 0 | O70: =+ROUND(IF(C70=12,PRODUCT(E70,F70,G70,L70),0),2) -> 0 | P70: =+ROUND(IF(C70=16,PRODUCT(E70,F70,G70,L70),0),2) -> 0 | Q70: =+ROUND(IF(C70=20,PRODUCT(E70,F70,G70,L70),0),2) -> 50.6 | R70: =+ROUND(IF(C70=25,PRODUCT(E70,F70,G70,L70),0),2) -> 0
B71: Grid 9/D ( C) | C71: 20 | D71: 250 | E71: 2 | F71: 1 | G71: =+ROUND(2300/D71+1,0) -> 10 | I71: 2.6 | L71: =SUM(H71:J71)+K71 -> 2.6 | M71: =+ROUND(IF(C71=8,PRODUCT(E71,F71,G71,L71),0),2) -> 0 | N71: =+ROUND(IF(C71=10,PRODUCT(E71,F71,G71,L71),0),2) -> 0 | O71: =+ROUND(IF(C71=12,PRODUCT(E71,F71,G71,L71),0),2) -> 0 | P71: =+ROUND(IF(C71=16,PRODUCT(E71,F71,G71,L71),0),2) -> 0 | Q71: =+ROUND(IF(C71=20,PRODUCT(E71,F71,G71,L71),0),2) -> 52 | R71: =+ROUND(IF(C71=25,PRODUCT(E71,F71,G71,L71),0),2) -> 0
B72: Grid 9/D ( C) | C72: 20 | D72: 250 | E72: 2 | F72: 1 | G72: =+ROUND(2600/D72+1,0) -> 11 | I72: 2.3 | L72: =SUM(H72:J72)+K72 -> 2.3 | M72: =+ROUND(IF(C72=8,PRODUCT(E72,F72,G72,L72),0),2) -> 0 | N72: =+ROUND(IF(C72=10,PRODUCT(E72,F72,G72,L72),0),2) -> 0 | O72: =+ROUND(IF(C72=12,PRODUCT(E72,F72,G72,L72),0),2) -> 0 | P72: =+ROUND(IF(C72=16,PRODUCT(E72,F72,G72,L72),0),2) -> 0 | Q72: =+ROUND(IF(C72=20,PRODUCT(E72,F72,G72,L72),0),2) -> 50.6 | R72: =+ROUND(IF(C72=25,PRODUCT(E72,F72,G72,L72),0),2) -> 0
B73: Grid 9/F ( D) | C73: 25 | D73: 250 | E73: 2 | F73: 1 | G73: =+ROUND(3700/D73+1,0) -> 16 | I73: 2.73 | L73: =SUM(H73:J73)+K73 -> 2.73 | M73: =+ROUND(IF(C73=8,PRODUCT(E73,F73,G73,L73),0),2) -> 0 | N73: =+ROUND(IF(C73=10,PRODUCT(E73,F73,G73,L73),0),2) -> 0 | O73: =+ROUND(IF(C73=12,PRODUCT(E73,F73,G73,L73),0),2) -> 0 | P73: =+ROUND(IF(C73=16,PRODUCT(E73,F73,G73,L73),0),2) -> 0 | Q73: =+ROUND(IF(C73=20,PRODUCT(E73,F73,G73,L73),0),2) -> 0 | R73: =+ROUND(IF(C73=25,PRODUCT(E73,F73,G73,L73),0),2) -> 87.36
B74: Grid 9/F ( C) | C74: 20 | D74: 250 | E74: 2 | F74: 1 | G74: =+ROUND(2730/D74+1,0) -> 12 | I74: 3.7 | L74: =SUM(H74:J74)+K74 -> 3.7 | M74: =+ROUND(IF(C74=8,PRODUCT(E74,F74,G74,L74),0),2) -> 0 | N74: =+ROUND(IF(C74=10,PRODUCT(E74,F74,G74,L74),0),2) -> 0 | O74: =+ROUND(IF(C74=12,PRODUCT(E74,F74,G74,L74),0),2) -> 0 | P74: =+ROUND(IF(C74=16,PRODUCT(E74,F74,G74,L74),0),2) -> 0 | Q74: =+ROUND(IF(C74=20,PRODUCT(E74,F74,G74,L74),0),2) -> 88.8 | R74: =+ROUND(IF(C74=25,PRODUCT(E74,F74,G74,L74),0),2) -> 0
B75: Grid 8/J ( C) | C75: 20 | D75: 250 | E75: 2 | F75: 1 | G75: =+ROUND(2800/D75+1,0) -> 12 | I75: 2.75 | L75: =SUM(H75:J75)+K75 -> 2.75 | M75: =+ROUND(IF(C75=8,PRODUCT(E75,F75,G75,L75),0),2) -> 0 | N75: =+ROUND(IF(C75=10,PRODUCT(E75,F75,G75,L75),0),2) -> 0 | O75: =+ROUND(IF(C75=12,PRODUCT(E75,F75,G75,L75),0),2) -> 0 | P75: =+ROUND(IF(C75=16,PRODUCT(E75,F75,G75,L75),0),2) -> 0 | Q75: =+ROUND(IF(C75=20,PRODUCT(E75,F75,G75,L75),0),2) -> 66 | R75: =+ROUND(IF(C75=25,PRODUCT(E75,F75,G75,L75),0),2) -> 0
B76: Grid 8/J ( D) | C76: 25 | D76: 250 | E76: 2 | F76: 1 | G76: =+ROUND(2750/D76+1,0) -> 12 | I76: 2.8 | L76: =SUM(H76:J76)+K76 -> 2.8 | M76: =+ROUND(IF(C76=8,PRODUCT(E76,F76,G76,L76),0),2) -> 0 | N76: =+ROUND(IF(C76=10,PRODUCT(E76,F76,G76,L76),0),2) -> 0 | O76: =+ROUND(IF(C76=12,PRODUCT(E76,F76,G76,L76),0),2) -> 0 | P76: =+ROUND(IF(C76=16,PRODUCT(E76,F76,G76,L76),0),2) -> 0 | Q76: =+ROUND(IF(C76=20,PRODUCT(E76,F76,G76,L76),0),2) -> 0 | R76: =+ROUND(IF(C76=25,PRODUCT(E76,F76,G76,L76),0),2) -> 67.2
B77: Grid 8/J ( G) | C77: 20 | D77: 250 | E77: 2 | F77: 1 | G77: =+ROUND(2750/D77+1,0) -> 12 | I77: 2.8 | L77: =SUM(H77:J77)+K77 -> 2.8 | M77: =+ROUND(IF(C77=8,PRODUCT(E77,F77,G77,L77),0),2) -> 0 | N77: =+ROUND(IF(C77=10,PRODUCT(E77,F77,G77,L77),0),2) -> 0 | O77: =+ROUND(IF(C77=12,PRODUCT(E77,F77,G77,L77),0),2) -> 0 | P77: =+ROUND(IF(C77=16,PRODUCT(E77,F77,G77,L77),0),2) -> 0 | Q77: =+ROUND(IF(C77=20,PRODUCT(E77,F77,G77,L77),0),2) -> 67.2 | R77: =+ROUND(IF(C77=25,PRODUCT(E77,F77,G77,L77),0),2) -> 0
B78: Grid 10/P ( D) | C78: 25 | D78: 250 | E78: 2 | F78: 1 | G78: =+ROUND(2300/D78+1,0) -> 10 | I78: 3.25 | L78: =SUM(H78:J78)+K78 -> 3.25 | M78: =+ROUND(IF(C78=8,PRODUCT(E78,F78,G78,L78),0),2) -> 0 | N78: =+ROUND(IF(C78=10,PRODUCT(E78,F78,G78,L78),0),2) -> 0 | O78: =+ROUND(IF(C78=12,PRODUCT(E78,F78,G78,L78),0),2) -> 0 | P78: =+ROUND(IF(C78=16,PRODUCT(E78,F78,G78,L78),0),2) -> 0 | Q78: =+ROUND(IF(C78=20,PRODUCT(E78,F78,G78,L78),0),2) -> 0 | R78: =+ROUND(IF(C78=25,PRODUCT(E78,F78,G78,L78),0),2) -> 65
B79: Grid 10/P ( C) | C79: 20 | D79: 250 | E79: 2 | F79: 1 | G79: =+ROUND(3250/D79+1,0) -> 14 | I79: 2.3 | L79: =SUM(H79:J79)+K79 -> 2.3 | M79: =+ROUND(IF(C79=8,PRODUCT(E79,F79,G79,L79),0),2) -> 0 | N79: =+ROUND(IF(C79=10,PRODUCT(E79,F79,G79,L79),0),2) -> 0 | O79: =+ROUND(IF(C79=12,PRODUCT(E79,F79,G79,L79),0),2) -> 0 | P79: =+ROUND(IF(C79=16,PRODUCT(E79,F79,G79,L79),0),2) -> 0 | Q79: =+ROUND(IF(C79=20,PRODUCT(E79,F79,G79,L79),0),2) -> 64.4 | R79: =+ROUND(IF(C79=25,PRODUCT(E79,F79,G79,L79),0),2) -> 0
B80: Grid 10/Q ( C) | C80: 20 | D80: 250 | E80: 2 | F80: 1 | G80: =+ROUND(2300/D80+1,0) -> 10 | I80: 2.465 | L80: =SUM(H80:J80)+K80 -> 2.465 | M80: =+ROUND(IF(C80=8,PRODUCT(E80,F80,G80,L80),0),2) -> 0 | N80: =+ROUND(IF(C80=10,PRODUCT(E80,F80,G80,L80),0),2) -> 0 | O80: =+ROUND(IF(C80=12,PRODUCT(E80,F80,G80,L80),0),2) -> 0 | P80: =+ROUND(IF(C80=16,PRODUCT(E80,F80,G80,L80),0),2) -> 0 | Q80: =+ROUND(IF(C80=20,PRODUCT(E80,F80,G80,L80),0),2) -> 49.3 | R80: =+ROUND(IF(C80=25,PRODUCT(E80,F80,G80,L80),0),2) -> 0
B81: Grid 10/Q ( C) | C81: 20 | D81: 250 | E81: 2 | F81: 1 | G81: =+ROUND(2465/D81+1,0) -> 11 | I81: 2.3 | L81: =SUM(H81:J81)+K81 -> 2.3 | M81: =+ROUND(IF(C81=8,PRODUCT(E81,F81,G81,L81),0),2) -> 0 | N81: =+ROUND(IF(C81=10,PRODUCT(E81,F81,G81,L81),0),2) -> 0 | O81: =+ROUND(IF(C81=12,PRODUCT(E81,F81,G81,L81),0),2) -> 0 | P81: =+ROUND(IF(C81=16,PRODUCT(E81,F81,G81,L81),0),2) -> 0 | Q81: =+ROUND(IF(C81=20,PRODUCT(E81,F81,G81,L81),0),2) -> 50.6 | R81: =+ROUND(IF(C81=25,PRODUCT(E81,F81,G81,L81),0),2) -> 0
B82: Grid 12/A ( C) | C82: 20 | D82: 250 | E82: 2 | F82: 1 | G82: =+ROUND(2350/D82+1,0) -> 10 | I82: 2.05 | L82: =SUM(H82:J82)+K82 -> 2.05 | M82: =+ROUND(IF(C82=8,PRODUCT(E82,F82,G82,L82),0),2) -> 0 | N82: =+ROUND(IF(C82=10,PRODUCT(E82,F82,G82,L82),0),2) -> 0 | O82: =+ROUND(IF(C82=12,PRODUCT(E82,F82,G82,L82),0),2) -> 0 | P82: =+ROUND(IF(C82=16,PRODUCT(E82,F82,G82,L82),0),2) -> 0 | Q82: =+ROUND(IF(C82=20,PRODUCT(E82,F82,G82,L82),0),2) -> 41 | R82: =+ROUND(IF(C82=25,PRODUCT(E82,F82,G82,L82),0),2) -> 0
B83: Grid 12/A ( C) | C83: 20 | D83: 250 | E83: 2 | F83: 1 | G83: =+ROUND(2050/D83+1,0) -> 9 | I83: 2.35 | L83: =SUM(H83:J83)+K83 -> 2.35 | M83: =+ROUND(IF(C83=8,PRODUCT(E83,F83,G83,L83),0),2) -> 0 | N83: =+ROUND(IF(C83=10,PRODUCT(E83,F83,G83,L83),0),2) -> 0 | O83: =+ROUND(IF(C83=12,PRODUCT(E83,F83,G83,L83),0),2) -> 0 | P83: =+ROUND(IF(C83=16,PRODUCT(E83,F83,G83,L83),0),2) -> 0 | Q83: =+ROUND(IF(C83=20,PRODUCT(E83,F83,G83,L83),0),2) -> 42.3 | R83: =+ROUND(IF(C83=25,PRODUCT(E83,F83,G83,L83),0),2) -> 0
B84: Grid 13/C ( D) | C84: 25 | D84: 250 | E84: 2 | F84: 1 | G84: =+ROUND(2300/D84+1,0) -> 10 | I84: 3.1 | L84: =SUM(H84:J84)+K84 -> 3.1 | M84: =+ROUND(IF(C84=8,PRODUCT(E84,F84,G84,L84),0),2) -> 0 | N84: =+ROUND(IF(C84=10,PRODUCT(E84,F84,G84,L84),0),2) -> 0 | O84: =+ROUND(IF(C84=12,PRODUCT(E84,F84,G84,L84),0),2) -> 0 | P84: =+ROUND(IF(C84=16,PRODUCT(E84,F84,G84,L84),0),2) -> 0 | Q84: =+ROUND(IF(C84=20,PRODUCT(E84,F84,G84,L84),0),2) -> 0 | R84: =+ROUND(IF(C84=25,PRODUCT(E84,F84,G84,L84),0),2) -> 62
B85: Grid 13/C ( C) | C85: 20 | D85: 250 | E85: 2 | F85: 1 | G85: =+ROUND(3100/D85+1,0) -> 13 | I85: 2.3 | L85: =SUM(H85:J85)+K85 -> 2.3 | M85: =+ROUND(IF(C85=8,PRODUCT(E85,F85,G85,L85),0),2) -> 0 | N85: =+ROUND(IF(C85=10,PRODUCT(E85,F85,G85,L85),0),2) -> 0 | O85: =+ROUND(IF(C85=12,PRODUCT(E85,F85,G85,L85),0),2) -> 0 | P85: =+ROUND(IF(C85=16,PRODUCT(E85,F85,G85,L85),0),2) -> 0 | Q85: =+ROUND(IF(C85=20,PRODUCT(E85,F85,G85,L85),0),2) -> 59.8 | R85: =+ROUND(IF(C85=25,PRODUCT(E85,F85,G85,L85),0),2) -> 0
B86: Grid 11-12/E ( C) | C86: 20 | D86: 250 | E86: 2 | F86: 1 | G86: =+ROUND(4060/D86+1,0) -> 17 | I86: 3.935 | L86: =SUM(H86:J86)+K86 -> 3.935 | M86: =+ROUND(IF(C86=8,PRODUCT(E86,F86,G86,L86),0),2) -> 0 | N86: =+ROUND(IF(C86=10,PRODUCT(E86,F86,G86,L86),0),2) -> 0 | O86: =+ROUND(IF(C86=12,PRODUCT(E86,F86,G86,L86),0),2) -> 0 | P86: =+ROUND(IF(C86=16,PRODUCT(E86,F86,G86,L86),0),2) -> 0 | Q86: =+ROUND(IF(C86=20,PRODUCT(E86,F86,G86,L86),0),2) -> 133.79 | R86: =+ROUND(IF(C86=25,PRODUCT(E86,F86,G86,L86),0),2) -> 0
B87: Grid 11-12/E ( C) | C87: 20 | D87: 250 | E87: 2 | F87: 1 | G87: =+ROUND(3935/D87+1,0) -> 17 | I87: 4.06 | L87: =SUM(H87:J87)+K87 -> 4.06 | M87: =+ROUND(IF(C87=8,PRODUCT(E87,F87,G87,L87),0),2) -> 0 | N87: =+ROUND(IF(C87=10,PRODUCT(E87,F87,G87,L87),0),2) -> 0 | O87: =+ROUND(IF(C87=12,PRODUCT(E87,F87,G87,L87),0),2) -> 0 | P87: =+ROUND(IF(C87=16,PRODUCT(E87,F87,G87,L87),0),2) -> 0 | Q87: =+ROUND(IF(C87=20,PRODUCT(E87,F87,G87,L87),0),2) -> 138.04 | R87: =+ROUND(IF(C87=25,PRODUCT(E87,F87,G87,L87),0),2) -> 0
B88: Grid 11-12/O ( C) | C88: 20 | D88: 250 | E88: 2 | F88: 1 | G88: =+ROUND(2300/D88+1,0) -> 10 | I88: 2.75 | L88: =SUM(H88:J88)+K88 -> 2.75 | M88: =+ROUND(IF(C88=8,PRODUCT(E88,F88,G88,L88),0),2) -> 0 | N88: =+ROUND(IF(C88=10,PRODUCT(E88,F88,G88,L88),0),2) -> 0 | O88: =+ROUND(IF(C88=12,PRODUCT(E88,F88,G88,L88),0),2) -> 0 | P88: =+ROUND(IF(C88=16,PRODUCT(E88,F88,G88,L88),0),2) -> 0 | Q88: =+ROUND(IF(C88=20,PRODUCT(E88,F88,G88,L88),0),2) -> 55 | R88: =+ROUND(IF(C88=25,PRODUCT(E88,F88,G88,L88),0),2) -> 0
B89: Grid 11-12/O ( C+G) | C89: 20 | D89: 250 | E89: 2 | F89: 2 | G89: =+ROUND(2750/D89+1,0) -> 12 | I89: 2.3 | L89: =SUM(H89:J89)+K89 -> 2.3 | M89: =+ROUND(IF(C89=8,PRODUCT(E89,F89,G89,L89),0),2) -> 0 | N89: =+ROUND(IF(C89=10,PRODUCT(E89,F89,G89,L89),0),2) -> 0 | O89: =+ROUND(IF(C89=12,PRODUCT(E89,F89,G89,L89),0),2) -> 0 | P89: =+ROUND(IF(C89=16,PRODUCT(E89,F89,G89,L89),0),2) -> 0 | Q89: =+ROUND(IF(C89=20,PRODUCT(E89,F89,G89,L89),0),2) -> 110.4 | R89: =+ROUND(IF(C89=25,PRODUCT(E89,F89,G89,L89),0),2) -> 0
B90: Grid 14/P ( D) | C90: 25 | D90: 250 | E90: 2 | F90: 1 | G90: =+ROUND(2800/D90+1,0) -> 12 | I90: 2.75 | L90: =SUM(H90:J90)+K90 -> 2.75 | M90: =+ROUND(IF(C90=8,PRODUCT(E90,F90,G90,L90),0),2) -> 0 | N90: =+ROUND(IF(C90=10,PRODUCT(E90,F90,G90,L90),0),2) -> 0 | O90: =+ROUND(IF(C90=12,PRODUCT(E90,F90,G90,L90),0),2) -> 0 | P90: =+ROUND(IF(C90=16,PRODUCT(E90,F90,G90,L90),0),2) -> 0 | Q90: =+ROUND(IF(C90=20,PRODUCT(E90,F90,G90,L90),0),2) -> 0 | R90: =+ROUND(IF(C90=25,PRODUCT(E90,F90,G90,L90),0),2) -> 66
B91: Grid 14/P ( D) | C91: 25 | D91: 250 | E91: 2 | F91: 1 | G91: =+ROUND(2750/D91+1,0) -> 12 | I91: 2.8 | L91: =SUM(H91:J91)+K91 -> 2.8 | M91: =+ROUND(IF(C91=8,PRODUCT(E91,F91,G91,L91),0),2) -> 0 | N91: =+ROUND(IF(C91=10,PRODUCT(E91,F91,G91,L91),0),2) -> 0 | O91: =+ROUND(IF(C91=12,PRODUCT(E91,F91,G91,L91),0),2) -> 0 | P91: =+ROUND(IF(C91=16,PRODUCT(E91,F91,G91,L91),0),2) -> 0 | Q91: =+ROUND(IF(C91=20,PRODUCT(E91,F91,G91,L91),0),2) -> 0 | R91: =+ROUND(IF(C91=25,PRODUCT(E91,F91,G91,L91),0),2) -> 67.2
B92: Grid 14/P ( G) | C92: 20 | D92: 250 | E92: 2 | F92: 1 | G92: =+ROUND(2750/D92+1,0) -> 12 | I92: 2.8 | L92: =SUM(H92:J92)+K92 -> 2.8 | M92: =+ROUND(IF(C92=8,PRODUCT(E92,F92,G92,L92),0),2) -> 0 | N92: =+ROUND(IF(C92=10,PRODUCT(E92,F92,G92,L92),0),2) -> 0 | O92: =+ROUND(IF(C92=12,PRODUCT(E92,F92,G92,L92),0),2) -> 0 | P92: =+ROUND(IF(C92=16,PRODUCT(E92,F92,G92,L92),0),2) -> 0 | Q92: =+ROUND(IF(C92=20,PRODUCT(E92,F92,G92,L92),0),2) -> 67.2 | R92: =+ROUND(IF(C92=25,PRODUCT(E92,F92,G92,L92),0),2) -> 0
B93: Grid 14/Q ( C) | C93: 20 | D93: 250 | E93: 2 | F93: 1 | G93: =+ROUND(2800/D93+1,0) -> 12 | I93: 2.35 | L93: =SUM(H93:J93)+K93 -> 2.35 | M93: =+ROUND(IF(C93=8,PRODUCT(E93,F93,G93,L93),0),2) -> 0 | N93: =+ROUND(IF(C93=10,PRODUCT(E93,F93,G93,L93),0),2) -> 0 | O93: =+ROUND(IF(C93=12,PRODUCT(E93,F93,G93,L93),0),2) -> 0 | P93: =+ROUND(IF(C93=16,PRODUCT(E93,F93,G93,L93),0),2) -> 0 | Q93: =+ROUND(IF(C93=20,PRODUCT(E93,F93,G93,L93),0),2) -> 56.4 | R93: =+ROUND(IF(C93=25,PRODUCT(E93,F93,G93,L93),0),2) -> 0
B94: Grid 14/Q ( D) | C94: 25 | D94: 250 | E94: 2 | F94: 1 | G94: =+ROUND(2350/D94+1,0) -> 10 | I94: 2.8 | L94: =SUM(H94:J94)+K94 -> 2.8 | M94: =+ROUND(IF(C94=8,PRODUCT(E94,F94,G94,L94),0),2) -> 0 | N94: =+ROUND(IF(C94=10,PRODUCT(E94,F94,G94,L94),0),2) -> 0 | O94: =+ROUND(IF(C94=12,PRODUCT(E94,F94,G94,L94),0),2) -> 0 | P94: =+ROUND(IF(C94=16,PRODUCT(E94,F94,G94,L94),0),2) -> 0 | Q94: =+ROUND(IF(C94=20,PRODUCT(E94,F94,G94,L94),0),2) -> 0 | R94: =+ROUND(IF(C94=25,PRODUCT(E94,F94,G94,L94),0),2) -> 56
B95: Grid 14-15/F ( C) | C95: 20 | D95: 250 | E95: 2 | F95: 1 | G95: =+ROUND(3700/D95+1,0) -> 16 | I95: 2.23 | L95: =SUM(H95:J95)+K95 -> 2.23 | M95: =+ROUND(IF(C95=8,PRODUCT(E95,F95,G95,L95),0),2) -> 0 | N95: =+ROUND(IF(C95=10,PRODUCT(E95,F95,G95,L95),0),2) -> 0 | O95: =+ROUND(IF(C95=12,PRODUCT(E95,F95,G95,L95),0),2) -> 0 | P95: =+ROUND(IF(C95=16,PRODUCT(E95,F95,G95,L95),0),2) -> 0 | Q95: =+ROUND(IF(C95=20,PRODUCT(E95,F95,G95,L95),0),2) -> 71.36 | R95: =+ROUND(IF(C95=25,PRODUCT(E95,F95,G95,L95),0),2) -> 0
B96: Grid 14-15/F ( C) | C96: 20 | D96: 250 | E96: 2 | F96: 1 | G96: =+ROUND(2230/D96+1,0) -> 10 | I96: 3.7 | L96: =SUM(H96:J96)+K96 -> 3.7 | M96: =+ROUND(IF(C96=8,PRODUCT(E96,F96,G96,L96),0),2) -> 0 | N96: =+ROUND(IF(C96=10,PRODUCT(E96,F96,G96,L96),0),2) -> 0 | O96: =+ROUND(IF(C96=12,PRODUCT(E96,F96,G96,L96),0),2) -> 0 | P96: =+ROUND(IF(C96=16,PRODUCT(E96,F96,G96,L96),0),2) -> 0 | Q96: =+ROUND(IF(C96=20,PRODUCT(E96,F96,G96,L96),0),2) -> 74 | R96: =+ROUND(IF(C96=25,PRODUCT(E96,F96,G96,L96),0),2) -> 0
B97: Grid 15/J ( C) | C97: 20 | D97: 250 | E97: 2 | F97: 1 | G97: =+ROUND(2800/D97+1,0) -> 12 | I97: 2.75 | L97: =SUM(H97:J97)+K97 -> 2.75 | M97: =+ROUND(IF(C97=8,PRODUCT(E97,F97,G97,L97),0),2) -> 0 | N97: =+ROUND(IF(C97=10,PRODUCT(E97,F97,G97,L97),0),2) -> 0 | O97: =+ROUND(IF(C97=12,PRODUCT(E97,F97,G97,L97),0),2) -> 0 | P97: =+ROUND(IF(C97=16,PRODUCT(E97,F97,G97,L97),0),2) -> 0 | Q97: =+ROUND(IF(C97=20,PRODUCT(E97,F97,G97,L97),0),2) -> 66 | R97: =+ROUND(IF(C97=25,PRODUCT(E97,F97,G97,L97),0),2) -> 0
B98: Grid 15/J ( D) | C98: 25 | D98: 250 | E98: 2 | F98: 1 | G98: =+ROUND(2750/D98+1,0) -> 12 | I98: 2.8 | L98: =SUM(H98:J98)+K98 -> 2.8 | M98: =+ROUND(IF(C98=8,PRODUCT(E98,F98,G98,L98),0),2) -> 0 | N98: =+ROUND(IF(C98=10,PRODUCT(E98,F98,G98,L98),0),2) -> 0 | O98: =+ROUND(IF(C98=12,PRODUCT(E98,F98,G98,L98),0),2) -> 0 | P98: =+ROUND(IF(C98=16,PRODUCT(E98,F98,G98,L98),0),2) -> 0 | Q98: =+ROUND(IF(C98=20,PRODUCT(E98,F98,G98,L98),0),2) -> 0 | R98: =+ROUND(IF(C98=25,PRODUCT(E98,F98,G98,L98),0),2) -> 67.2
B99: Grid 15/J ( G) | C99: 20 | D99: 250 | E99: 2 | F99: 1 | G99: =+ROUND(2750/D99+1,0) -> 12 | I99: 2.8 | L99: =SUM(H99:J99)+K99 -> 2.8 | M99: =+ROUND(IF(C99=8,PRODUCT(E99,F99,G99,L99),0),2) -> 0 | N99: =+ROUND(IF(C99=10,PRODUCT(E99,F99,G99,L99),0),2) -> 0 | O99: =+ROUND(IF(C99=12,PRODUCT(E99,F99,G99,L99),0),2) -> 0 | P99: =+ROUND(IF(C99=16,PRODUCT(E99,F99,G99,L99),0),2) -> 0 | Q99: =+ROUND(IF(C99=20,PRODUCT(E99,F99,G99,L99),0),2) -> 67.2 | R99: =+ROUND(IF(C99=25,PRODUCT(E99,F99,G99,L99),0),2) -> 0
B100: Grid 15/O ( C) | C100: 20 | D100: 250 | E100: 2 | F100: 1 | G100: =+ROUND(3100/D100+1,0) -> 13 | I100: 2.3 | L100: =SUM(H100:J100)+K100 -> 2.3 | M100: =+ROUND(IF(C100=8,PRODUCT(E100,F100,G100,L100),0),2) -> 0 | N100: =+ROUND(IF(C100=10,PRODUCT(E100,F100,G100,L100),0),2) -> 0 | O100: =+ROUND(IF(C100=12,PRODUCT(E100,F100,G100,L100),0),2) -> 0 | P100: =+ROUND(IF(C100=16,PRODUCT(E100,F100,G100,L100),0),2) -> 0 | Q100: =+ROUND(IF(C100=20,PRODUCT(E100,F100,G100,L100),0),2) -> 59.8 | R100: =+ROUND(IF(C100=25,PRODUCT(E100,F100,G100,L100),0),2) -> 0
B101: Grid 15/O ( D) | C101: 25 | D101: 250 | E101: 2 | F101: 1 | G101: =+ROUND(2300/D101+1,0) -> 10 | I101: 3.1 | L101: =SUM(H101:J101)+K101 -> 3.1 | M101: =+ROUND(IF(C101=8,PRODUCT(E101,F101,G101,L101),0),2) -> 0 | N101: =+ROUND(IF(C101=10,PRODUCT(E101,F101,G101,L101),0),2) -> 0 | O101: =+ROUND(IF(C101=12,PRODUCT(E101,F101,G101,L101),0),2) -> 0 | P101: =+ROUND(IF(C101=16,PRODUCT(E101,F101,G101,L101),0),2) -> 0 | Q101: =+ROUND(IF(C101=20,PRODUCT(E101,F101,G101,L101),0),2) -> 0 | R101: =+ROUND(IF(C101=25,PRODUCT(E101,F101,G101,L101),0),2) -> 62
...

Sheet Columns Steel
A1: Reinforcement
A2: Sr. No. | B2: Designation | C2: Dia | D2: C/C (mm) | E2: No | F2: No | G2: No of Bars | H2: Bar Length (mtr) | K2: Lap Length | L2: One Bar Length (MTR) | M2: Dia Wise Weight (Kg)
H3: a | I3: b | J3: c | M3: 8mm | N3: 10mm | O3: 12mm | P3: 16mm | Q3: 20MM | R3: 25mm
B5: Column From Foundation to Plinth Level (100.15-97.2)
B6: C 1 (300X600) | C6: 16 | E6: 32 | F6: 1 | G6: 8 | H6: 0.3 | I6: =100.3-97.06-0.075 -> 3.165 | K6: =40*C6/1000 -> 0.64 | L6: =SUM(H6:J6)+K6 -> 4.105 | M6: =+ROUND(IF(C6=8,PRODUCT(E6,F6,G6,L6),0),2) -> 0 | N6: =+ROUND(IF(C6=10,PRODUCT(E6,F6,G6,L6),0),2) -> 0 | O6: =+ROUND(IF(C6=12,PRODUCT(E6,F6,G6,L6),0),2) -> 0 | P6: =+ROUND(IF(C6=16,PRODUCT(E6,F6,G6,L6),0),2) -> 1050.88 | Q6: =+ROUND(IF(C6=20,PRODUCT(E6,F6,G6,L6),0),2) -> 0 | R6: =+ROUND(IF(C6=25,PRODUCT(E6,F6,G6,L6),0),2) -> 0
C7: 12 | E7: =+E6 -> 32 | F7: 1 | G7: 6 | H7: 0.3 | I7: =100.3-97.06-0.075 -> 3.165 | K7: =40*C7/1000 -> 0.48 | L7: =SUM(H7:J7)+K7 -> 3.945 | M7: =+ROUND(IF(C7=8,PRODUCT(E7,F7,G7,L7),0),2) -> 0 | N7: =+ROUND(IF(C7=10,PRODUCT(E7,F7,G7,L7),0),2) -> 0 | O7: =+ROUND(IF(C7=12,PRODUCT(E7,F7,G7,L7),0),2) -> 757.44 | P7: =+ROUND(IF(C7=16,PRODUCT(E7,F7,G7,L7),0),2) -> 0 | Q7: =+ROUND(IF(C7=20,PRODUCT(E7,F7,G7,L7),0),2) -> 0 | R7: =+ROUND(IF(C7=25,PRODUCT(E7,F7,G7,L7),0),2) -> 0
B8: Stirrups ZONE A | C8: 10 | D8: 75 | E8: =+E7 -> 32 | F8: 2 | G8: =+ROUND(600/D8,0) -> 8 | I8: =2*(0.2+0.5)+24*0.01 -> 1.64 | L8: =SUM(H8:J8)+K8 -> 1.64 | M8: =+ROUND(IF(C8=8,PRODUCT(E8,F8,G8,L8),0),2) -> 0 | N8: =+ROUND(IF(C8=10,PRODUCT(E8,F8,G8,L8),0),2) -> 839.68 | O8: =+ROUND(IF(C8=12,PRODUCT(E8,F8,G8,L8),0),2) -> 0 | P8: =+ROUND(IF(C8=16,PRODUCT(E8,F8,G8,L8),0),2) -> 0 | Q8: =+ROUND(IF(C8=20,PRODUCT(E8,F8,G8,L8),0),2) -> 0 | R8: =+ROUND(IF(C8=25,PRODUCT(E8,F8,G8,L8),0),2) -> 0
C9: 10 | D9: 75 | E9: =+E8 -> 32 | F9: 2 | G9: =+ROUND(600/D9,0) -> 8 | I9: =2*(0.2+0.115)+24*0.01 -> 0.87 | L9: =SUM(H9:J9)+K9 -> 0.87 | M9: =+ROUND(IF(C9=8,PRODUCT(E9,F9,G9,L9),0),2) -> 0 | N9: =+ROUND(IF(C9=10,PRODUCT(E9,F9,G9,L9),0),2) -> 445.44 | O9: =+ROUND(IF(C9=12,PRODUCT(E9,F9,G9,L9),0),2) -> 0 | P9: =+ROUND(IF(C9=16,PRODUCT(E9,F9,G9,L9),0),2) -> 0 | Q9: =+ROUND(IF(C9=20,PRODUCT(E9,F9,G9,L9),0),2) -> 0 | R9: =+ROUND(IF(C9=25,PRODUCT(E9,F9,G9,L9),0),2) -> 0
C10: 10 | D10: 75 | E10: =+E9 -> 32 | F10: =2*2 -> 4 | G10: =+ROUND(600/D10,0) -> 8 | I10: =+(0.168+0.168+0.2)+20*0.01 -> 0.736 | L10: =SUM(H10:J10)+K10 -> 0.736 | M10: =+ROUND(IF(C10=8,PRODUCT(E10,F10,G10,L10),0),2) -> 0 | N10: =+ROUND(IF(C10=10,PRODUCT(E10,F10,G10,L10),0),2) -> 753.66 | O10: =+ROUND(IF(C10=12,PRODUCT(E10,F10,G10,L10),0),2) -> 0 | P10: =+ROUND(IF(C10=16,PRODUCT(E10,F10,G10,L10),0),2) -> 0 | Q10: =+ROUND(IF(C10=20,PRODUCT(E10,F10,G10,L10),0),2) -> 0 | R10: =+ROUND(IF(C10=25,PRODUCT(E10,F10,G10,L10),0),2) -> 0
B11: Stirrups ZONE B | C11: 8 | D11: 150 | E11: =+E10 -> 32 | F11: 1 | G11: =+ROUND(450/D11+1,0) -> 4 | I11: =2*(0.204+0.504)+24*0.008 -> 1.608 | L11: =SUM(H11:J11)+K11 -> 1.608 | M11: =+ROUND(IF(C11=8,PRODUCT(E11,F11,G11,L11),0),2) -> 205.82 | N11: =+ROUND(IF(C11=10,PRODUCT(E11,F11,G11,L11),0),2) -> 0 | O11: =+ROUND(IF(C11=12,PRODUCT(E11,F11,G11,L11),0),2) -> 0 | P11: =+ROUND(IF(C11=16,PRODUCT(E11,F11,G11,L11),0),2) -> 0 | Q11: =+ROUND(IF(C11=20,PRODUCT(E11,F11,G11,L11),0),2) -> 0 | R11: =+ROUND(IF(C11=25,PRODUCT(E11,F11,G11,L11),0),2) -> 0
C12: 8 | D12: 150 | E12: =+E11 -> 32 | F12: 1 | G12: =+ROUND(450/D12+1,0) -> 4 | I12: =2*(0.204+0.115)+24*0.008 -> 0.83 | L12: =SUM(H12:J12)+K12 -> 0.83 | M12: =+ROUND(IF(C12=8,PRODUCT(E12,F12,G12,L12),0),2) -> 106.24 | N12: =+ROUND(IF(C12=10,PRODUCT(E12,F12,G12,L12),0),2) -> 0 | O12: =+ROUND(IF(C12=12,PRODUCT(E12,F12,G12,L12),0),2) -> 0 | P12: =+ROUND(IF(C12=16,PRODUCT(E12,F12,G12,L12),0),2) -> 0 | Q12: =+ROUND(IF(C12=20,PRODUCT(E12,F12,G12,L12),0),2) -> 0 | R12: =+ROUND(IF(C12=25,PRODUCT(E12,F12,G12,L12),0),2) -> 0
C13: 8 | D13: 150 | E13: =+E12 -> 32 | F13: 2 | G13: =+ROUND(450/D13+1,0) -> 4 | I13: =+(0.168+0.168+0.204)+20*0.008 -> 0.7 | L13: =SUM(H13:J13)+K13 -> 0.7 | M13: =+ROUND(IF(C13=8,PRODUCT(E13,F13,G13,L13),0),2) -> 179.2 | N13: =+ROUND(IF(C13=10,PRODUCT(E13,F13,G13,L13),0),2) -> 0 | O13: =+ROUND(IF(C13=12,PRODUCT(E13,F13,G13,L13),0),2) -> 0 | P13: =+ROUND(IF(C13=16,PRODUCT(E13,F13,G13,L13),0),2) -> 0 | Q13: =+ROUND(IF(C13=20,PRODUCT(E13,F13,G13,L13),0),2) -> 0 | R13: =+ROUND(IF(C13=25,PRODUCT(E13,F13,G13,L13),0),2) -> 0
B14: C 2 (300X600) | C14: 20 | E14: 22 | F14: 1 | G14: 6 | H14: 0.3 | I14: =100.3-97.06-0.075 -> 3.165 | K14: =40*C14/1000 -> 0.8 | L14: =SUM(H14:J14)+K14 -> 4.265 | M14: =+ROUND(IF(C14=8,PRODUCT(E14,F14,G14,L14),0),2) -> 0 | N14: =+ROUND(IF(C14=10,PRODUCT(E14,F14,G14,L14),0),2) -> 0 | O14: =+ROUND(IF(C14=12,PRODUCT(E14,F14,G14,L14),0),2) -> 0 | P14: =+ROUND(IF(C14=16,PRODUCT(E14,F14,G14,L14),0),2) -> 0 | Q14: =+ROUND(IF(C14=20,PRODUCT(E14,F14,G14,L14),0),2) -> 562.98 | R14: =+ROUND(IF(C14=25,PRODUCT(E14,F14,G14,L14),0),2) -> 0
C15: 16 | E15: =+E14 -> 22 | F15: 1 | G15: 8 | H15: 0.3 | I15: =100.3-97.06-0.075 -> 3.165 | K15: =40*C15/1000 -> 0.64 | L15: =SUM(H15:J15)+K15 -> 4.105 | M15: =+ROUND(IF(C15=8,PRODUCT(E15,F15,G15,L15),0),2) -> 0 | N15: =+ROUND(IF(C15=10,PRODUCT(E15,F15,G15,L15),0),2) -> 0 | O15: =+ROUND(IF(C15=12,PRODUCT(E15,F15,G15,L15),0),2) -> 0 | P15: =+ROUND(IF(C15=16,PRODUCT(E15,F15,G15,L15),0),2) -> 722.48 | Q15: =+ROUND(IF(C15=20,PRODUCT(E15,F15,G15,L15),0),2) -> 0 | R15: =+ROUND(IF(C15=25,PRODUCT(E15,F15,G15,L15),0),2) -> 0
B16: Stirrups ZONE A | C16: 10 | D16: 75 | E16: =+E15 -> 22 | F16: 2 | G16: =+ROUND(600/D16,0) -> 8 | I16: =2*(0.2+0.5)+24*0.01 -> 1.64 | L16: =SUM(H16:J16)+K16 -> 1.64 | M16: =+ROUND(IF(C16=8,PRODUCT(E16,F16,G16,L16),0),2) -> 0 | N16: =+ROUND(IF(C16=10,PRODUCT(E16,F16,G16,L16),0),2) -> 577.28 | O16: =+ROUND(IF(C16=12,PRODUCT(E16,F16,G16,L16),0),2) -> 0 | P16: =+ROUND(IF(C16=16,PRODUCT(E16,F16,G16,L16),0),2) -> 0 | Q16: =+ROUND(IF(C16=20,PRODUCT(E16,F16,G16,L16),0),2) -> 0 | R16: =+ROUND(IF(C16=25,PRODUCT(E16,F16,G16,L16),0),2) -> 0
C17: 10 | D17: 75 | E17: =+E16 -> 22 | F17: 2 | G17: =+ROUND(600/D17,0) -> 8 | I17: =2*(0.2+0.115)+24*0.01 -> 0.87 | L17: =SUM(H17:J17)+K17 -> 0.87 | M17: =+ROUND(IF(C17=8,PRODUCT(E17,F17,G17,L17),0),2) -> 0 | N17: =+ROUND(IF(C17=10,PRODUCT(E17,F17,G17,L17),0),2) -> 306.24 | O17: =+ROUND(IF(C17=12,PRODUCT(E17,F17,G17,L17),0),2) -> 0 | P17: =+ROUND(IF(C17=16,PRODUCT(E17,F17,G17,L17),0),2) -> 0 | Q17: =+ROUND(IF(C17=20,PRODUCT(E17,F17,G17,L17),0),2) -> 0 | R17: =+ROUND(IF(C17=25,PRODUCT(E17,F17,G17,L17),0),2) -> 0
C18: 10 | D18: 75 | E18: =+E17 -> 22 | F18: =2*2 -> 4 | G18: =+ROUND(600/D18,0) -> 8 | I18: =+(0.168+0.168+0.2)+20*0.01 -> 0.736 | L18: =SUM(H18:J18)+K18 -> 0.736 | M18: =+ROUND(IF(C18=8,PRODUCT(E18,F18,G18,L18),0),2) -> 0 | N18: =+ROUND(IF(C18=10,PRODUCT(E18,F18,G18,L18),0),2) -> 518.14 | O18: =+ROUND(IF(C18=12,PRODUCT(E18,F18,G18,L18),0),2) -> 0 | P18: =+ROUND(IF(C18=16,PRODUCT(E18,F18,G18,L18),0),2) -> 0 | Q18: =+ROUND(IF(C18=20,PRODUCT(E18,F18,G18,L18),0),2) -> 0 | R18: =+ROUND(IF(C18=25,PRODUCT(E18,F18,G18,L18),0),2) -> 0
B19: Stirrups ZONE B | C19: 8 | D19: 150 | E19: =+E18 -> 22 | F19: 1 | G19: =+ROUND(450/D19+1,0) -> 4 | I19: =2*(0.204+0.504)+24*0.008 -> 1.608 | L19: =SUM(H19:J19)+K19 -> 1.608 | M19: =+ROUND(IF(C19=8,PRODUCT(E19,F19,G19,L19),0),2) -> 141.5 | N19: =+ROUND(IF(C19=10,PRODUCT(E19,F19,G19,L19),0),2) -> 0 | O19: =+ROUND(IF(C19=12,PRODUCT(E19,F19,G19,L19),0),2) -> 0 | P19: =+ROUND(IF(C19=16,PRODUCT(E19,F19,G19,L19),0),2) -> 0 | Q19: =+ROUND(IF(C19=20,PRODUCT(E19,F19,G19,L19),0),2) -> 0 | R19: =+ROUND(IF(C19=25,PRODUCT(E19,F19,G19,L19),0),2) -> 0
C20: 8 | D20: 150 | E20: =+E19 -> 22 | F20: 1 | G20: =+ROUND(450/D20+1,0) -> 4 | I20: =2*(0.204+0.115)+24*0.008 -> 0.83 | L20: =SUM(H20:J20)+K20 -> 0.83 | M20: =+ROUND(IF(C20=8,PRODUCT(E20,F20,G20,L20),0),2) -> 73.04 | N20: =+ROUND(IF(C20=10,PRODUCT(E20,F20,G20,L20),0),2) -> 0 | O20: =+ROUND(IF(C20=12,PRODUCT(E20,F20,G20,L20),0),2) -> 0 | P20: =+ROUND(IF(C20=16,PRODUCT(E20,F20,G20,L20),0),2) -> 0 | Q20: =+ROUND(IF(C20=20,PRODUCT(E20,F20,G20,L20),0),2) -> 0 | R20: =+ROUND(IF(C20=25,PRODUCT(E20,F20,G20,L20),0),2) -> 0
C21: 8 | D21: 150 | E21: =+E20 -> 22 | F21: 2 | G21: =+ROUND(450/D21+1,0) -> 4 | I21: =+(0.168+0.168+0.204)+20*0.008 -> 0.7 | L21: =SUM(H21:J21)+K21 -> 0.7 | M21: =+ROUND(IF(C21=8,PRODUCT(E21,F21,G21,L21),0),2) -> 123.2 | N21: =+ROUND(IF(C21=10,PRODUCT(E21,F21,G21,L21),0),2) -> 0 | O21: =+ROUND(IF(C21=12,PRODUCT(E21,F21,G21,L21),0),2) -> 0 | P21: =+ROUND(IF(C21=16,PRODUCT(E21,F21,G21,L21),0),2) -> 0 | Q21: =+ROUND(IF(C21=20,PRODUCT(E21,F21,G21,L21),0),2) -> 0 | R21: =+ROUND(IF(C21=25,PRODUCT(E21,F21,G21,L21),0),2) -> 0
B22: C 3 (300X600) | C22: 25 | E22: 4 | F22: 1 | G22: 10 | H22: 0.3 | I22: =100.3-97.06-0.075 -> 3.165 | K22: =40*C22/1000 -> 1 | L22: =SUM(H22:J22)+K22 -> 4.465 | M22: =+ROUND(IF(C22=8,PRODUCT(E22,F22,G22,L22),0),2) -> 0 | N22: =+ROUND(IF(C22=10,PRODUCT(E22,F22,G22,L22),0),2) -> 0 | O22: =+ROUND(IF(C22=12,PRODUCT(E22,F22,G22,L22),0),2) -> 0 | P22: =+ROUND(IF(C22=16,PRODUCT(E22,F22,G22,L22),0),2) -> 0 | Q22: =+ROUND(IF(C22=20,PRODUCT(E22,F22,G22,L22),0),2) -> 0 | R22: =+ROUND(IF(C22=25,PRODUCT(E22,F22,G22,L22),0),2) -> 178.6
C23: 20 | E23: =+E22 -> 4 | F23: 1 | G23: 4 | H23: 0.3 | I23: =100.3-97.06-0.075 -> 3.165 | K23: =40*C23/1000 -> 0.8 | L23: =SUM(H23:J23)+K23 -> 4.265 | M23: =+ROUND(IF(C23=8,PRODUCT(E23,F23,G23,L23),0),2) -> 0 | N23: =+ROUND(IF(C23=10,PRODUCT(E23,F23,G23,L23),0),2) -> 0 | O23: =+ROUND(IF(C23=12,PRODUCT(E23,F23,G23,L23),0),2) -> 0 | P23: =+ROUND(IF(C23=16,PRODUCT(E23,F23,G23,L23),0),2) -> 0 | Q23: =+ROUND(IF(C23=20,PRODUCT(E23,F23,G23,L23),0),2) -> 68.24 | R23: =+ROUND(IF(C23=25,PRODUCT(E23,F23,G23,L23),0),2) -> 0
B24: Stirrups ZONE A | C24: 10 | D24: 75 | E24: =+E23 -> 4 | F24: 2 | G24: =+ROUND(600/D24,0) -> 8 | I24: =2*(0.2+0.5)+24*0.01 -> 1.64 | L24: =SUM(H24:J24)+K24 -> 1.64 | M24: =+ROUND(IF(C24=8,PRODUCT(E24,F24,G24,L24),0),2) -> 0 | N24: =+ROUND(IF(C24=10,PRODUCT(E24,F24,G24,L24),0),2) -> 104.96 | O24: =+ROUND(IF(C24=12,PRODUCT(E24,F24,G24,L24),0),2) -> 0 | P24: =+ROUND(IF(C24=16,PRODUCT(E24,F24,G24,L24),0),2) -> 0 | Q24: =+ROUND(IF(C24=20,PRODUCT(E24,F24,G24,L24),0),2) -> 0 | R24: =+ROUND(IF(C24=25,PRODUCT(E24,F24,G24,L24),0),2) -> 0
C25: 10 | D25: 75 | E25: =+E24 -> 4 | F25: 2 | G25: =+ROUND(600/D25,0) -> 8 | I25: =2*(0.2+0.115)+24*0.01 -> 0.87 | L25: =SUM(H25:J25)+K25 -> 0.87 | M25: =+ROUND(IF(C25=8,PRODUCT(E25,F25,G25,L25),0),2) -> 0 | N25: =+ROUND(IF(C25=10,PRODUCT(E25,F25,G25,L25),0),2) -> 55.68 | O25: =+ROUND(IF(C25=12,PRODUCT(E25,F25,G25,L25),0),2) -> 0 | P25: =+ROUND(IF(C25=16,PRODUCT(E25,F25,G25,L25),0),2) -> 0 | Q25: =+ROUND(IF(C25=20,PRODUCT(E25,F25,G25,L25),0),2) -> 0 | R25: =+ROUND(IF(C25=25,PRODUCT(E25,F25,G25,L25),0),2) -> 0
C26: 10 | D26: 75 | E26: =+E25 -> 4 | F26: =2*2 -> 4 | G26: =+ROUND(600/D26,0) -> 8 | I26: =+(0.168+0.168+0.2)+20*0.01 -> 0.736 | L26: =SUM(H26:J26)+K26 -> 0.736 | M26: =+ROUND(IF(C26=8,PRODUCT(E26,F26,G26,L26),0),2) -> 0 | N26: =+ROUND(IF(C26=10,PRODUCT(E26,F26,G26,L26),0),2) -> 94.21 | O26: =+ROUND(IF(C26=12,PRODUCT(E26,F26,G26,L26),0),2) -> 0 | P26: =+ROUND(IF(C26=16,PRODUCT(E26,F26,G26,L26),0),2) -> 0 | Q26: =+ROUND(IF(C26=20,PRODUCT(E26,F26,G26,L26),0),2) -> 0 | R26: =+ROUND(IF(C26=25,PRODUCT(E26,F26,G26,L26),0),2) -> 0
B27: Stirrups ZONE B | C27: 8 | D27: 150 | E27: =+E26 -> 4 | F27: 1 | G27: =+ROUND(450/D27+1,0) -> 4 | I27: =2*(0.204+0.504)+24*0.008 -> 1.608 | L27: =SUM(H27:J27)+K27 -> 1.608 | M27: =+ROUND(IF(C27=8,PRODUCT(E27,F27,G27,L27),0),2) -> 25.73 | N27: =+ROUND(IF(C27=10,PRODUCT(E27,F27,G27,L27),0),2) -> 0 | O27: =+ROUND(IF(C27=12,PRODUCT(E27,F27,G27,L27),0),2) -> 0 | P27: =+ROUND(IF(C27=16,PRODUCT(E27,F27,G27,L27),0),2) -> 0 | Q27: =+ROUND(IF(C27=20,PRODUCT(E27,F27,G27,L27),0),2) -> 0 | R27: =+ROUND(IF(C27=25,PRODUCT(E27,F27,G27,L27),0),2) -> 0
C28: 8 | D28: 150 | E28: =+E27 -> 4 | F28: 1 | G28: =+ROUND(450/D28+1,0) -> 4 | I28: =2*(0.204+0.115)+24*0.008 -> 0.83 | L28: =SUM(H28:J28)+K28 -> 0.83 | M28: =+ROUND(IF(C28=8,PRODUCT(E28,F28,G28,L28),0),2) -> 13.28 | N28: =+ROUND(IF(C28=10,PRODUCT(E28,F28,G28,L28),0),2) -> 0 | O28: =+ROUND(IF(C28=12,PRODUCT(E28,F28,G28,L28),0),2) -> 0 | P28: =+ROUND(IF(C28=16,PRODUCT(E28,F28,G28,L28),0),2) -> 0 | Q28: =+ROUND(IF(C28=20,PRODUCT(E28,F28,G28,L28),0),2) -> 0 | R28: =+ROUND(IF(C28=25,PRODUCT(E28,F28,G28,L28),0),2) -> 0
C29: 8 | D29: 150 | E29: =+E28 -> 4 | F29: 2 | G29: =+ROUND(450/D29+1,0) -> 4 | I29: =+(0.168+0.168+0.204)+20*0.008 -> 0.7 | L29: =SUM(H29:J29)+K29 -> 0.7 | M29: =+ROUND(IF(C29=8,PRODUCT(E29,F29,G29,L29),0),2) -> 22.4 | N29: =+ROUND(IF(C29=10,PRODUCT(E29,F29,G29,L29),0),2) -> 0 | O29: =+ROUND(IF(C29=12,PRODUCT(E29,F29,G29,L29),0),2) -> 0 | P29: =+ROUND(IF(C29=16,PRODUCT(E29,F29,G29,L29),0),2) -> 0 | Q29: =+ROUND(IF(C29=20,PRODUCT(E29,F29,G29,L29),0),2) -> 0 | R29: =+ROUND(IF(C29=25,PRODUCT(E29,F29,G29,L29),0),2) -> 0
B30: C 4 (300X750) | C30: 20 | E30: 16 | F30: 1 | G30: 16 | H30: 0.3 | I30: =100.3-97.06-0.075 -> 3.165 | K30: =40*C30/1000 -> 0.8 | L30: =SUM(H30:J30)+K30 -> 4.265 | M30: =+ROUND(IF(C30=8,PRODUCT(E30,F30,G30,L30),0),2) -> 0 | N30: =+ROUND(IF(C30=10,PRODUCT(E30,F30,G30,L30),0),2) -> 0 | O30: =+ROUND(IF(C30=12,PRODUCT(E30,F30,G30,L30),0),2) -> 0 | P30: =+ROUND(IF(C30=16,PRODUCT(E30,F30,G30,L30),0),2) -> 0 | Q30: =+ROUND(IF(C30=20,PRODUCT(E30,F30,G30,L30),0),2) -> 1091.84 | R30: =+ROUND(IF(C30=25,PRODUCT(E30,F30,G30,L30),0),2) -> 0
B31: Stirrups ZONE A | C31: 10 | D31: 75 | E31: =+E30 -> 16 | F31: 2 | G31: =+ROUND(750/D31,0) -> 10 | I31: =2*(0.2+0.65)+24*0.01 -> 1.94 | L31: =SUM(H31:J31)+K31 -> 1.94 | M31: =+ROUND(IF(C31=8,PRODUCT(E31,F31,G31,L31),0),2) -> 0 | N31: =+ROUND(IF(C31=10,PRODUCT(E31,F31,G31,L31),0),2) -> 620.8 | O31: =+ROUND(IF(C31=12,PRODUCT(E31,F31,G31,L31),0),2) -> 0 | P31: =+ROUND(IF(C31=16,PRODUCT(E31,F31,G31,L31),0),2) -> 0 | Q31: =+ROUND(IF(C31=20,PRODUCT(E31,F31,G31,L31),0),2) -> 0 | R31: =+ROUND(IF(C31=25,PRODUCT(E31,F31,G31,L31),0),2) -> 0
C32: 10 | D32: 75 | E32: =+E31 -> 16 | F32: 2 | G32: =+ROUND(750/D32,0) -> 10 | I32: =2*(0.2+0.23)+24*0.01 -> 1.1 | L32: =SUM(H32:J32)+K32 -> 1.1 | M32: =+ROUND(IF(C32=8,PRODUCT(E32,F32,G32,L32),0),2) -> 0 | N32: =+ROUND(IF(C32=10,PRODUCT(E32,F32,G32,L32),0),2) -> 352 | O32: =+ROUND(IF(C32=12,PRODUCT(E32,F32,G32,L32),0),2) -> 0 | P32: =+ROUND(IF(C32=16,PRODUCT(E32,F32,G32,L32),0),2) -> 0 | Q32: =+ROUND(IF(C32=20,PRODUCT(E32,F32,G32,L32),0),2) -> 0 | R32: =+ROUND(IF(C32=25,PRODUCT(E32,F32,G32,L32),0),2) -> 0
C33: 10 | D33: 75 | E33: =+E32 -> 16 | F33: =2*2 -> 4 | G33: =+ROUND(750/D33,0) -> 10 | I33: =+(0.168+0.168+0.2)+20*0.01 -> 0.736 | L33: =SUM(H33:J33)+K33 -> 0.736 | M33: =+ROUND(IF(C33=8,PRODUCT(E33,F33,G33,L33),0),2) -> 0 | N33: =+ROUND(IF(C33=10,PRODUCT(E33,F33,G33,L33),0),2) -> 471.04 | O33: =+ROUND(IF(C33=12,PRODUCT(E33,F33,G33,L33),0),2) -> 0 | P33: =+ROUND(IF(C33=16,PRODUCT(E33,F33,G33,L33),0),2) -> 0 | Q33: =+ROUND(IF(C33=20,PRODUCT(E33,F33,G33,L33),0),2) -> 0 | R33: =+ROUND(IF(C33=25,PRODUCT(E33,F33,G33,L33),0),2) -> 0
C34: 10 | D34: 75 | E34: =+E33 -> 16 | F34: 2 | G34: =+ROUND(750/D34,0) -> 10 | I34: =0.2+2*10*0.01 -> 0.4 | L34: =SUM(H34:J34)+K34 -> 0.4 | M34: =+ROUND(IF(C34=8,PRODUCT(E34,F34,G34,L34),0),2) -> 0 | N34: =+ROUND(IF(C34=10,PRODUCT(E34,F34,G34,L34),0),2) -> 128 | O34: =+ROUND(IF(C34=12,PRODUCT(E34,F34,G34,L34),0),2) -> 0 | P34: =+ROUND(IF(C34=16,PRODUCT(E34,F34,G34,L34),0),2) -> 0 | Q34: =+ROUND(IF(C34=20,PRODUCT(E34,F34,G34,L34),0),2) -> 0 | R34: =+ROUND(IF(C34=25,PRODUCT(E34,F34,G34,L34),0),2) -> 0
B35: Stirrups ZONE B | C35: 8 | D35: 150 | E35: =+E34 -> 16 | F35: 1 | G35: =+ROUND(150/D35+1,0) -> 2 | I35: =2*(0.204+0.654)+24*0.01 -> 1.956 | L35: =SUM(H35:J35)+K35 -> 1.956 | M35: =+ROUND(IF(C35=8,PRODUCT(E35,F35,G35,L35),0),2) -> 62.59 | N35: =+ROUND(IF(C35=10,PRODUCT(E35,F35,G35,L35),0),2) -> 0 | O35: =+ROUND(IF(C35=12,PRODUCT(E35,F35,G35,L35),0),2) -> 0 | P35: =+ROUND(IF(C35=16,PRODUCT(E35,F35,G35,L35),0),2) -> 0 | Q35: =+ROUND(IF(C35=20,PRODUCT(E35,F35,G35,L35),0),2) -> 0 | R35: =+ROUND(IF(C35=25,PRODUCT(E35,F35,G35,L35),0),2) -> 0
C36: 8 | D36: 150 | E36: =+E35 -> 16 | F36: 1 | G36: =+ROUND(150/D36+1,0) -> 2 | I36: =2*(0.204+0.232)+24*0.01 -> 1.112 | L36: =SUM(H36:J36)+K36 -> 1.112 | M36: =+ROUND(IF(C36=8,PRODUCT(E36,F36,G36,L36),0),2) -> 35.58 | N36: =+ROUND(IF(C36=10,PRODUCT(E36,F36,G36,L36),0),2) -> 0 | O36: =+ROUND(IF(C36=12,PRODUCT(E36,F36,G36,L36),0),2) -> 0 | P36: =+ROUND(IF(C36=16,PRODUCT(E36,F36,G36,L36),0),2) -> 0 | Q36: =+ROUND(IF(C36=20,PRODUCT(E36,F36,G36,L36),0),2) -> 0 | R36: =+ROUND(IF(C36=25,PRODUCT(E36,F36,G36,L36),0),2) -> 0
C37: 8 | D37: 150 | E37: =+E36 -> 16 | F37: 2 | G37: =+ROUND(150/D37+1,0) -> 2 | I37: =+(0.168+0.168+0.204)+20*0.01 -> 0.74 | L37: =SUM(H37:J37)+K37 -> 0.74 | M37: =+ROUND(IF(C37=8,PRODUCT(E37,F37,G37,L37),0),2) -> 47.36 | N37: =+ROUND(IF(C37=10,PRODUCT(E37,F37,G37,L37),0),2) -> 0 | O37: =+ROUND(IF(C37=12,PRODUCT(E37,F37,G37,L37),0),2) -> 0 | P37: =+ROUND(IF(C37=16,PRODUCT(E37,F37,G37,L37),0),2) -> 0 | Q37: =+ROUND(IF(C37=20,PRODUCT(E37,F37,G37,L37),0),2) -> 0 | R37: =+ROUND(IF(C37=25,PRODUCT(E37,F37,G37,L37),0),2) -> 0
C38: 8 | D38: 150 | E38: =+E37 -> 16 | F38: 1 | G38: =+ROUND(150/D38+1,0) -> 2 | I38: =0.204+2*10*0.01 -> 0.404 | L38: =SUM(H38:J38)+K38 -> 0.404 | M38: =+ROUND(IF(C38=8,PRODUCT(E38,F38,G38,L38),0),2) -> 12.93 | N38: =+ROUND(IF(C38=10,PRODUCT(E38,F38,G38,L38),0),2) -> 0 | O38: =+ROUND(IF(C38=12,PRODUCT(E38,F38,G38,L38),0),2) -> 0 | P38: =+ROUND(IF(C38=16,PRODUCT(E38,F38,G38,L38),0),2) -> 0 | Q38: =+ROUND(IF(C38=20,PRODUCT(E38,F38,G38,L38),0),2) -> 0 | R38: =+ROUND(IF(C38=25,PRODUCT(E38,F38,G38,L38),0),2) -> 0
B39: C 5 (300X750) | C39: 20 | E39: 14 | F39: 1 | G39: 4 | H39: 0.3 | I39: =100.3-97.06-0.075 -> 3.165 | K39: =40*C39/1000 -> 0.8 | L39: =SUM(H39:J39)+K39 -> 4.265 | M39: =+ROUND(IF(C39=8,PRODUCT(E39,F39,G39,L39),0),2) -> 0 | N39: =+ROUND(IF(C39=10,PRODUCT(E39,F39,G39,L39),0),2) -> 0 | O39: =+ROUND(IF(C39=12,PRODUCT(E39,F39,G39,L39),0),2) -> 0 | P39: =+ROUND(IF(C39=16,PRODUCT(E39,F39,G39,L39),0),2) -> 0 | Q39: =+ROUND(IF(C39=20,PRODUCT(E39,F39,G39,L39),0),2) -> 238.84 | R39: =+ROUND(IF(C39=25,PRODUCT(E39,F39,G39,L39),0),2) -> 0
C40: 16 | E40: =+E39 -> 14 | F40: 1 | G40: 12 | H40: 0.3 | I40: =100.3-97.06-0.075 -> 3.165 | K40: =40*C40/1000 -> 0.64 | L40: =SUM(H40:J40)+K40 -> 4.105 | M40: =+ROUND(IF(C40=8,PRODUCT(E40,F40,G40,L40),0),2) -> 0 | N40: =+ROUND(IF(C40=10,PRODUCT(E40,F40,G40,L40),0),2) -> 0 | O40: =+ROUND(IF(C40=12,PRODUCT(E40,F40,G40,L40),0),2) -> 0 | P40: =+ROUND(IF(C40=16,PRODUCT(E40,F40,G40,L40),0),2) -> 689.64 | Q40: =+ROUND(IF(C40=20,PRODUCT(E40,F40,G40,L40),0),2) -> 0 | R40: =+ROUND(IF(C40=25,PRODUCT(E40,F40,G40,L40),0),2) -> 0
B41: Stirrups ZONE A | C41: 10 | D41: 75 | E41: =+E40 -> 14 | F41: 2 | G41: =+ROUND(750/D41,0) -> 10 | I41: =2*(0.2+0.65)+24*0.01 -> 1.94 | L41: =SUM(H41:J41)+K41 -> 1.94 | M41: =+ROUND(IF(C41=8,PRODUCT(E41,F41,G41,L41),0),2) -> 0 | N41: =+ROUND(IF(C41=10,PRODUCT(E41,F41,G41,L41),0),2) -> 543.2 | O41: =+ROUND(IF(C41=12,PRODUCT(E41,F41,G41,L41),0),2) -> 0 | P41: =+ROUND(IF(C41=16,PRODUCT(E41,F41,G41,L41),0),2) -> 0 | Q41: =+ROUND(IF(C41=20,PRODUCT(E41,F41,G41,L41),0),2) -> 0 | R41: =+ROUND(IF(C41=25,PRODUCT(E41,F41,G41,L41),0),2) -> 0
C42: 10 | D42: 75 | E42: =+E41 -> 14 | F42: 2 | G42: =+ROUND(750/D42,0) -> 10 | I42: =2*(0.2+0.23)+24*0.01 -> 1.1 | L42: =SUM(H42:J42)+K42 -> 1.1 | M42: =+ROUND(IF(C42=8,PRODUCT(E42,F42,G42,L42),0),2) -> 0 | N42: =+ROUND(IF(C42=10,PRODUCT(E42,F42,G42,L42),0),2) -> 308 | O42: =+ROUND(IF(C42=12,PRODUCT(E42,F42,G42,L42),0),2) -> 0 | P42: =+ROUND(IF(C42=16,PRODUCT(E42,F42,G42,L42),0),2) -> 0 | Q42: =+ROUND(IF(C42=20,PRODUCT(E42,F42,G42,L42),0),2) -> 0 | R42: =+ROUND(IF(C42=25,PRODUCT(E42,F42,G42,L42),0),2) -> 0
C43: 10 | D43: 75 | E43: =+E42 -> 14 | F43: =2*2 -> 4 | G43: =+ROUND(750/D43,0) -> 10 | I43: =+(0.168+0.168+0.2)+20*0.01 -> 0.736 | L43: =SUM(H43:J43)+K43 -> 0.736 | M43: =+ROUND(IF(C43=8,PRODUCT(E43,F43,G43,L43),0),2) -> 0 | N43: =+ROUND(IF(C43=10,PRODUCT(E43,F43,G43,L43),0),2) -> 412.16 | O43: =+ROUND(IF(C43=12,PRODUCT(E43,F43,G43,L43),0),2) -> 0 | P43: =+ROUND(IF(C43=16,PRODUCT(E43,F43,G43,L43),0),2) -> 0 | Q43: =+ROUND(IF(C43=20,PRODUCT(E43,F43,G43,L43),0),2) -> 0 | R43: =+ROUND(IF(C43=25,PRODUCT(E43,F43,G43,L43),0),2) -> 0
C44: 10 | D44: 75 | E44: =+E43 -> 14 | F44: 2 | G44: =+ROUND(750/D44,0) -> 10 | I44: =0.2+2*10*0.01 -> 0.4 | L44: =SUM(H44:J44)+K44 -> 0.4 | M44: =+ROUND(IF(C44=8,PRODUCT(E44,F44,G44,L44),0),2) -> 0 | N44: =+ROUND(IF(C44=10,PRODUCT(E44,F44,G44,L44),0),2) -> 112 | O44: =+ROUND(IF(C44=12,PRODUCT(E44,F44,G44,L44),0),2) -> 0 | P44: =+ROUND(IF(C44=16,PRODUCT(E44,F44,G44,L44),0),2) -> 0 | Q44: =+ROUND(IF(C44=20,PRODUCT(E44,F44,G44,L44),0),2) -> 0 | R44: =+ROUND(IF(C44=25,PRODUCT(E44,F44,G44,L44),0),2) -> 0
B45: Stirrups ZONE B | C45: 8 | D45: 150 | E45: =+E44 -> 14 | F45: 1 | G45: =+ROUND(150/D45+1,0) -> 2 | I45: =2*(0.204+0.654)+24*0.01 -> 1.956 | L45: =SUM(H45:J45)+K45 -> 1.956 | M45: =+ROUND(IF(C45=8,PRODUCT(E45,F45,G45,L45),0),2) -> 54.77 | N45: =+ROUND(IF(C45=10,PRODUCT(E45,F45,G45,L45),0),2) -> 0 | O45: =+ROUND(IF(C45=12,PRODUCT(E45,F45,G45,L45),0),2) -> 0 | P45: =+ROUND(IF(C45=16,PRODUCT(E45,F45,G45,L45),0),2) -> 0 | Q45: =+ROUND(IF(C45=20,PRODUCT(E45,F45,G45,L45),0),2) -> 0 | R45: =+ROUND(IF(C45=25,PRODUCT(E45,F45,G45,L45),0),2) -> 0
C46: 8 | D46: 150 | E46: =+E45 -> 14 | F46: 1 | G46: =+ROUND(150/D46+1,0) -> 2 | I46: =2*(0.204+0.232)+24*0.01 -> 1.112 | L46: =SUM(H46:J46)+K46 -> 1.112 | M46: =+ROUND(IF(C46=8,PRODUCT(E46,F46,G46,L46),0),2) -> 31.14 | N46: =+ROUND(IF(C46=10,PRODUCT(E46,F46,G46,L46),0),2) -> 0 | O46: =+ROUND(IF(C46=12,PRODUCT(E46,F46,G46,L46),0),2) -> 0 | P46: =+ROUND(IF(C46=16,PRODUCT(E46,F46,G46,L46),0),2) -> 0 | Q46: =+ROUND(IF(C46=20,PRODUCT(E46,F46,G46,L46),0),2) -> 0 | R46: =+ROUND(IF(C46=25,PRODUCT(E46,F46,G46,L46),0),2) -> 0
C47: 8 | D47: 150 | E47: =+E46 -> 14 | F47: 2 | G47: =+ROUND(150/D47+1,0) -> 2 | I47: =+(0.168+0.168+0.204)+20*0.01 -> 0.74 | L47: =SUM(H47:J47)+K47 -> 0.74 | M47: =+ROUND(IF(C47=8,PRODUCT(E47,F47,G47,L47),0),2) -> 41.44 | N47: =+ROUND(IF(C47=10,PRODUCT(E47,F47,G47,L47),0),2) -> 0 | O47: =+ROUND(IF(C47=12,PRODUCT(E47,F47,G47,L47),0),2) -> 0 | P47: =+ROUND(IF(C47=16,PRODUCT(E47,F47,G47,L47),0),2) -> 0 | Q47: =+ROUND(IF(C47=20,PRODUCT(E47,F47,G47,L47),0),2) -> 0 | R47: =+ROUND(IF(C47=25,PRODUCT(E47,F47,G47,L47),0),2) -> 0
C48: 8 | D48: 150 | E48: =+E47 -> 14 | F48: 1 | G48: =+ROUND(150/D48+1,0) -> 2 | I48: =0.204+2*10*0.01 -> 0.404 | L48: =SUM(H48:J48)+K48 -> 0.404 | M48: =+ROUND(IF(C48=8,PRODUCT(E48,F48,G48,L48),0),2) -> 11.31 | N48: =+ROUND(IF(C48=10,PRODUCT(E48,F48,G48,L48),0),2) -> 0 | O48: =+ROUND(IF(C48=12,PRODUCT(E48,F48,G48,L48),0),2) -> 0 | P48: =+ROUND(IF(C48=16,PRODUCT(E48,F48,G48,L48),0),2) -> 0 | Q48: =+ROUND(IF(C48=20,PRODUCT(E48,F48,G48,L48),0),2) -> 0 | R48: =+ROUND(IF(C48=25,PRODUCT(E48,F48,G48,L48),0),2) -> 0
B49: C 6 (300X715) | C49: 16 | E49: 14 | F49: 1 | G49: 4 | H49: 0.3 | I49: =100.3-97.06-0.075 -> 3.165 | K49: =40*C49/1000 -> 0.64 | L49: =SUM(H49:J49)+K49 -> 4.105 | M49: =+ROUND(IF(C49=8,PRODUCT(E49,F49,G49,L49),0),2) -> 0 | N49: =+ROUND(IF(C49=10,PRODUCT(E49,F49,G49,L49),0),2) -> 0 | O49: =+ROUND(IF(C49=12,PRODUCT(E49,F49,G49,L49),0),2) -> 0 | P49: =+ROUND(IF(C49=16,PRODUCT(E49,F49,G49,L49),0),2) -> 229.88 | Q49: =+ROUND(IF(C49=20,PRODUCT(E49,F49,G49,L49),0),2) -> 0 | R49: =+ROUND(IF(C49=25,PRODUCT(E49,F49,G49,L49),0),2) -> 0
C50: 12 | E50: =+E49 -> 14 | F50: 1 | G50: 12 | H50: 0.3 | I50: =100.3-97.06-0.075 -> 3.165 | K50: =40*C50/1000 -> 0.48 | L50: =SUM(H50:J50)+K50 -> 3.945 | M50: =+ROUND(IF(C50=8,PRODUCT(E50,F50,G50,L50),0),2) -> 0 | N50: =+ROUND(IF(C50=10,PRODUCT(E50,F50,G50,L50),0),2) -> 0 | O50: =+ROUND(IF(C50=12,PRODUCT(E50,F50,G50,L50),0),2) -> 662.76 | P50: =+ROUND(IF(C50=16,PRODUCT(E50,F50,G50,L50),0),2) -> 0 | Q50: =+ROUND(IF(C50=20,PRODUCT(E50,F50,G50,L50),0),2) -> 0 | R50: =+ROUND(IF(C50=25,PRODUCT(E50,F50,G50,L50),0),2) -> 0
B51: Stirrups ZONE A | C51: 10 | D51: 75 | E51: =+E50 -> 14 | F51: 2 | G51: =+ROUND(715/D51,0) -> 10 | I51: =2*(0.2+0.615)+24*0.01 -> 1.87 | L51: =SUM(H51:J51)+K51 -> 1.87 | M51: =+ROUND(IF(C51=8,PRODUCT(E51,F51,G51,L51),0),2) -> 0 | N51: =+ROUND(IF(C51=10,PRODUCT(E51,F51,G51,L51),0),2) -> 523.6 | O51: =+ROUND(IF(C51=12,PRODUCT(E51,F51,G51,L51),0),2) -> 0 | P51: =+ROUND(IF(C51=16,PRODUCT(E51,F51,G51,L51),0),2) -> 0 | Q51: =+ROUND(IF(C51=20,PRODUCT(E51,F51,G51,L51),0),2) -> 0 | R51: =+ROUND(IF(C51=25,PRODUCT(E51,F51,G51,L51),0),2) -> 0
C52: 10 | D52: 75 | E52: =+E51 -> 14 | F52: 2 | G52: =+ROUND(715/D52,0) -> 10 | I52: =2*(0.2+0.216)+24*0.01 -> 1.072 | L52: =SUM(H52:J52)+K52 -> 1.072 | M52: =+ROUND(IF(C52=8,PRODUCT(E52,F52,G52,L52),0),2) -> 0 | N52: =+ROUND(IF(C52=10,PRODUCT(E52,F52,G52,L52),0),2) -> 300.16 | O52: =+ROUND(IF(C52=12,PRODUCT(E52,F52,G52,L52),0),2) -> 0 | P52: =+ROUND(IF(C52=16,PRODUCT(E52,F52,G52,L52),0),2) -> 0 | Q52: =+ROUND(IF(C52=20,PRODUCT(E52,F52,G52,L52),0),2) -> 0 | R52: =+ROUND(IF(C52=25,PRODUCT(E52,F52,G52,L52),0),2) -> 0
C53: 10 | D53: 75 | E53: =+E52 -> 14 | F53: =2*2 -> 4 | G53: =+ROUND(715/D53,0) -> 10 | I53: =+(0.168+0.168+0.2)+20*0.01 -> 0.736 | L53: =SUM(H53:J53)+K53 -> 0.736 | M53: =+ROUND(IF(C53=8,PRODUCT(E53,F53,G53,L53),0),2) -> 0 | N53: =+ROUND(IF(C53=10,PRODUCT(E53,F53,G53,L53),0),2) -> 412.16 | O53: =+ROUND(IF(C53=12,PRODUCT(E53,F53,G53,L53),0),2) -> 0 | P53: =+ROUND(IF(C53=16,PRODUCT(E53,F53,G53,L53),0),2) -> 0 | Q53: =+ROUND(IF(C53=20,PRODUCT(E53,F53,G53,L53),0),2) -> 0 | R53: =+ROUND(IF(C53=25,PRODUCT(E53,F53,G53,L53),0),2) -> 0
C54: 10 | D54: 75 | E54: =+E53 -> 14 | F54: 2 | G54: =+ROUND(715/D54,0) -> 10 | I54: =0.2+2*10*0.01 -> 0.4 | L54: =SUM(H54:J54)+K54 -> 0.4 | M54: =+ROUND(IF(C54=8,PRODUCT(E54,F54,G54,L54),0),2) -> 0 | N54: =+ROUND(IF(C54=10,PRODUCT(E54,F54,G54,L54),0),2) -> 112 | O54: =+ROUND(IF(C54=12,PRODUCT(E54,F54,G54,L54),0),2) -> 0 | P54: =+ROUND(IF(C54=16,PRODUCT(E54,F54,G54,L54),0),2) -> 0 | Q54: =+ROUND(IF(C54=20,PRODUCT(E54,F54,G54,L54),0),2) -> 0 | R54: =+ROUND(IF(C54=25,PRODUCT(E54,F54,G54,L54),0),2) -> 0
B55: Stirrups ZONE B | C55: 8 | D55: 150 | E55: =+E54 -> 14 | F55: 1 | G55: =+ROUND(250/D55+1,0) -> 3 | I55: =2*(0.204+0.619)+24*0.01 -> 1.886 | L55: =SUM(H55:J55)+K55 -> 1.886 | M55: =+ROUND(IF(C55=8,PRODUCT(E55,F55,G55,L55),0),2) -> 79.21 | N55: =+ROUND(IF(C55=10,PRODUCT(E55,F55,G55,L55),0),2) -> 0 | O55: =+ROUND(IF(C55=12,PRODUCT(E55,F55,G55,L55),0),2) -> 0 | P55: =+ROUND(IF(C55=16,PRODUCT(E55,F55,G55,L55),0),2) -> 0 | Q55: =+ROUND(IF(C55=20,PRODUCT(E55,F55,G55,L55),0),2) -> 0 | R55: =+ROUND(IF(C55=25,PRODUCT(E55,F55,G55,L55),0),2) -> 0
C56: 8 | D56: 150 | E56: =+E55 -> 14 | F56: 1 | G56: =+ROUND(250/D56+1,0) -> 3 | I56: =2*(0.204+0.217)+24*0.01 -> 1.082 | L56: =SUM(H56:J56)+K56 -> 1.082 | M56: =+ROUND(IF(C56=8,PRODUCT(E56,F56,G56,L56),0),2) -> 45.44 | N56: =+ROUND(IF(C56=10,PRODUCT(E56,F56,G56,L56),0),2) -> 0 | O56: =+ROUND(IF(C56=12,PRODUCT(E56,F56,G56,L56),0),2) -> 0 | P56: =+ROUND(IF(C56=16,PRODUCT(E56,F56,G56,L56),0),2) -> 0 | Q56: =+ROUND(IF(C56=20,PRODUCT(E56,F56,G56,L56),0),2) -> 0 | R56: =+ROUND(IF(C56=25,PRODUCT(E56,F56,G56,L56),0),2) -> 0
C57: 8 | D57: 150 | E57: =+E56 -> 14 | F57: 2 | G57: =+ROUND(250/D57+1,0) -> 3 | I57: =+(0.168+0.168+0.204)+20*0.01 -> 0.74 | L57: =SUM(H57:J57)+K57 -> 0.74 | M57: =+ROUND(IF(C57=8,PRODUCT(E57,F57,G57,L57),0),2) -> 62.16 | N57: =+ROUND(IF(C57=10,PRODUCT(E57,F57,G57,L57),0),2) -> 0 | O57: =+ROUND(IF(C57=12,PRODUCT(E57,F57,G57,L57),0),2) -> 0 | P57: =+ROUND(IF(C57=16,PRODUCT(E57,F57,G57,L57),0),2) -> 0 | Q57: =+ROUND(IF(C57=20,PRODUCT(E57,F57,G57,L57),0),2) -> 0 | R57: =+ROUND(IF(C57=25,PRODUCT(E57,F57,G57,L57),0),2) -> 0
C58: 8 | D58: 150 | E58: =+E57 -> 14 | F58: 1 | G58: =+ROUND(250/D58+1,0) -> 3 | I58: =0.204+2*10*0.01 -> 0.404 | L58: =SUM(H58:J58)+K58 -> 0.404 | M58: =+ROUND(IF(C58=8,PRODUCT(E58,F58,G58,L58),0),2) -> 16.97 | N58: =+ROUND(IF(C58=10,PRODUCT(E58,F58,G58,L58),0),2) -> 0 | O58: =+ROUND(IF(C58=12,PRODUCT(E58,F58,G58,L58),0),2) -> 0 | P58: =+ROUND(IF(C58=16,PRODUCT(E58,F58,G58,L58),0),2) -> 0 | Q58: =+ROUND(IF(C58=20,PRODUCT(E58,F58,G58,L58),0),2) -> 0 | R58: =+ROUND(IF(C58=25,PRODUCT(E58,F58,G58,L58),0),2) -> 0
B59: C 7 (300X800) | C59: 16 | E59: 4 | F59: 1 | G59: 4 | H59: 0.3 | I59: =100.3-97.06-0.075 -> 3.165 | K59: =40*C59/1000 -> 0.64 | L59: =SUM(H59:J59)+K59 -> 4.105 | M59: =+ROUND(IF(C59=8,PRODUCT(E59,F59,G59,L59),0),2) -> 0 | N59: =+ROUND(IF(C59=10,PRODUCT(E59,F59,G59,L59),0),2) -> 0 | O59: =+ROUND(IF(C59=12,PRODUCT(E59,F59,G59,L59),0),2) -> 0 | P59: =+ROUND(IF(C59=16,PRODUCT(E59,F59,G59,L59),0),2) -> 65.68 | Q59: =+ROUND(IF(C59=20,PRODUCT(E59,F59,G59,L59),0),2) -> 0 | R59: =+ROUND(IF(C59=25,PRODUCT(E59,F59,G59,L59),0),2) -> 0
C60: 12 | E60: =+E59 -> 4 | F60: 1 | G60: 12 | H60: 0.3 | I60: =100.3-97.06-0.075 -> 3.165 | K60: =40*C60/1000 -> 0.48 | L60: =SUM(H60:J60)+K60 -> 3.945 | M60: =+ROUND(IF(C60=8,PRODUCT(E60,F60,G60,L60),0),2) -> 0 | N60: =+ROUND(IF(C60=10,PRODUCT(E60,F60,G60,L60),0),2) -> 0 | O60: =+ROUND(IF(C60=12,PRODUCT(E60,F60,G60,L60),0),2) -> 189.36 | P60: =+ROUND(IF(C60=16,PRODUCT(E60,F60,G60,L60),0),2) -> 0 | Q60: =+ROUND(IF(C60=20,PRODUCT(E60,F60,G60,L60),0),2) -> 0 | R60: =+ROUND(IF(C60=25,PRODUCT(E60,F60,G60,L60),0),2) -> 0
B61: Stirrups ZONE A | C61: 10 | D61: 75 | E61: =+E60 -> 4 | F61: 2 | G61: =+ROUND(800/D61,0) -> 11 | I61: =2*(0.2+0.7)+24*0.01 -> 2.04 | L61: =SUM(H61:J61)+K61 -> 2.04 | M61: =+ROUND(IF(C61=8,PRODUCT(E61,F61,G61,L61),0),2) -> 0 | N61: =+ROUND(IF(C61=10,PRODUCT(E61,F61,G61,L61),0),2) -> 179.52 | O61: =+ROUND(IF(C61=12,PRODUCT(E61,F61,G61,L61),0),2) -> 0 | P61: =+ROUND(IF(C61=16,PRODUCT(E61,F61,G61,L61),0),2) -> 0 | Q61: =+ROUND(IF(C61=20,PRODUCT(E61,F61,G61,L61),0),2) -> 0 | R61: =+ROUND(IF(C61=25,PRODUCT(E61,F61,G61,L61),0),2) -> 0
C62: 10 | D62: 75 | E62: =+E61 -> 4 | F62: =2*2 -> 4 | G62: =+ROUND(800/D62,0) -> 11 | I62: =2*(0.2+0.115)+24*0.01 -> 0.87 | L62: =SUM(H62:J62)+K62 -> 0.87 | M62: =+ROUND(IF(C62=8,PRODUCT(E62,F62,G62,L62),0),2) -> 0 | N62: =+ROUND(IF(C62=10,PRODUCT(E62,F62,G62,L62),0),2) -> 153.12 | O62: =+ROUND(IF(C62=12,PRODUCT(E62,F62,G62,L62),0),2) -> 0 | P62: =+ROUND(IF(C62=16,PRODUCT(E62,F62,G62,L62),0),2) -> 0 | Q62: =+ROUND(IF(C62=20,PRODUCT(E62,F62,G62,L62),0),2) -> 0 | R62: =+ROUND(IF(C62=25,PRODUCT(E62,F62,G62,L62),0),2) -> 0
C63: 10 | D63: 75 | E63: =+E62 -> 4 | F63: =2*2 -> 4 | G63: =+ROUND(800/D63,0) -> 11 | I63: =+(0.168+0.168+0.2)+20*0.01 -> 0.736 | L63: =SUM(H63:J63)+K63 -> 0.736 | M63: =+ROUND(IF(C63=8,PRODUCT(E63,F63,G63,L63),0),2) -> 0 | N63: =+ROUND(IF(C63=10,PRODUCT(E63,F63,G63,L63),0),2) -> 129.54 | O63: =+ROUND(IF(C63=12,PRODUCT(E63,F63,G63,L63),0),2) -> 0 | P63: =+ROUND(IF(C63=16,PRODUCT(E63,F63,G63,L63),0),2) -> 0 | Q63: =+ROUND(IF(C63=20,PRODUCT(E63,F63,G63,L63),0),2) -> 0 | R63: =+ROUND(IF(C63=25,PRODUCT(E63,F63,G63,L63),0),2) -> 0
B64: Stirrups ZONE B | C64: 8 | D64: 150 | E64: =+E63 -> 4 | F64: 1 | G64: =+ROUND(50/D64+1,0) -> 1 | I64: =2*(0.204+0.704)+24*0.008 -> 2.008 | L64: =SUM(H64:J64)+K64 -> 2.008 | M64: =+ROUND(IF(C64=8,PRODUCT(E64,F64,G64,L64),0),2) -> 8.03 | N64: =+ROUND(IF(C64=10,PRODUCT(E64,F64,G64,L64),0),2) -> 0 | O64: =+ROUND(IF(C64=12,PRODUCT(E64,F64,G64,L64),0),2) -> 0 | P64: =+ROUND(IF(C64=16,PRODUCT(E64,F64,G64,L64),0),2) -> 0 | Q64: =+ROUND(IF(C64=20,PRODUCT(E64,F64,G64,L64),0),2) -> 0 | R64: =+ROUND(IF(C64=25,PRODUCT(E64,F64,G64,L64),0),2) -> 0
C65: 8 | D65: 150 | E65: =+E64 -> 4 | F65: 2 | G65: =+ROUND(50/D65+1,0) -> 1 | I65: =2*(0.204+0.115)+24*0.008 -> 0.83 | L65: =SUM(H65:J65)+K65 -> 0.83 | M65: =+ROUND(IF(C65=8,PRODUCT(E65,F65,G65,L65),0),2) -> 6.64 | N65: =+ROUND(IF(C65=10,PRODUCT(E65,F65,G65,L65),0),2) -> 0 | O65: =+ROUND(IF(C65=12,PRODUCT(E65,F65,G65,L65),0),2) -> 0 | P65: =+ROUND(IF(C65=16,PRODUCT(E65,F65,G65,L65),0),2) -> 0 | Q65: =+ROUND(IF(C65=20,PRODUCT(E65,F65,G65,L65),0),2) -> 0 | R65: =+ROUND(IF(C65=25,PRODUCT(E65,F65,G65,L65),0),2) -> 0
C66: 8 | D66: 150 | E66: =+E65 -> 4 | F66: 2 | G66: =+ROUND(50/D66+1,0) -> 1 | I66: =+(0.168+0.168+0.204)+20*0.008 -> 0.7 | L66: =SUM(H66:J66)+K66 -> 0.7 | M66: =+ROUND(IF(C66=8,PRODUCT(E66,F66,G66,L66),0),2) -> 5.6 | N66: =+ROUND(IF(C66=10,PRODUCT(E66,F66,G66,L66),0),2) -> 0 | O66: =+ROUND(IF(C66=12,PRODUCT(E66,F66,G66,L66),0),2) -> 0 | P66: =+ROUND(IF(C66=16,PRODUCT(E66,F66,G66,L66),0),2) -> 0 | Q66: =+ROUND(IF(C66=20,PRODUCT(E66,F66,G66,L66),0),2) -> 0 | R66: =+ROUND(IF(C66=25,PRODUCT(E66,F66,G66,L66),0),2) -> 0
B67: C 8 (300X600) | C67: 20 | E67: 4 | F67: 1 | G67: 14 | H67: 0.3 | I67: =100.3-97.06-0.075 -> 3.165 | K67: =40*C67/1000 -> 0.8 | L67: =SUM(H67:J67)+K67 -> 4.265 | M67: =+ROUND(IF(C67=8,PRODUCT(E67,F67,G67,L67),0),2) -> 0 | N67: =+ROUND(IF(C67=10,PRODUCT(E67,F67,G67,L67),0),2) -> 0 | O67: =+ROUND(IF(C67=12,PRODUCT(E67,F67,G67,L67),0),2) -> 0 | P67: =+ROUND(IF(C67=16,PRODUCT(E67,F67,G67,L67),0),2) -> 0 | Q67: =+ROUND(IF(C67=20,PRODUCT(E67,F67,G67,L67),0),2) -> 238.84 | R67: =+ROUND(IF(C67=25,PRODUCT(E67,F67,G67,L67),0),2) -> 0
B68: Stirrups ZONE A | C68: 10 | D68: 75 | E68: =+E67 -> 4 | F68: 2 | G68: =+ROUND(600/D68,0) -> 8 | I68: =2*(0.2+0.5)+24*0.01 -> 1.64 | L68: =SUM(H68:J68)+K68 -> 1.64 | M68: =+ROUND(IF(C68=8,PRODUCT(E68,F68,G68,L68),0),2) -> 0 | N68: =+ROUND(IF(C68=10,PRODUCT(E68,F68,G68,L68),0),2) -> 104.96 | O68: =+ROUND(IF(C68=12,PRODUCT(E68,F68,G68,L68),0),2) -> 0 | P68: =+ROUND(IF(C68=16,PRODUCT(E68,F68,G68,L68),0),2) -> 0 | Q68: =+ROUND(IF(C68=20,PRODUCT(E68,F68,G68,L68),0),2) -> 0 | R68: =+ROUND(IF(C68=25,PRODUCT(E68,F68,G68,L68),0),2) -> 0
C69: 10 | D69: 75 | E69: =+E68 -> 4 | F69: 2 | G69: =+ROUND(600/D69,0) -> 8 | I69: =2*(0.2+0.115)+24*0.01 -> 0.87 | L69: =SUM(H69:J69)+K69 -> 0.87 | M69: =+ROUND(IF(C69=8,PRODUCT(E69,F69,G69,L69),0),2) -> 0 | N69: =+ROUND(IF(C69=10,PRODUCT(E69,F69,G69,L69),0),2) -> 55.68 | O69: =+ROUND(IF(C69=12,PRODUCT(E69,F69,G69,L69),0),2) -> 0 | P69: =+ROUND(IF(C69=16,PRODUCT(E69,F69,G69,L69),0),2) -> 0 | Q69: =+ROUND(IF(C69=20,PRODUCT(E69,F69,G69,L69),0),2) -> 0 | R69: =+ROUND(IF(C69=25,PRODUCT(E69,F69,G69,L69),0),2) -> 0
C70: 10 | D70: 75 | E70: =+E69 -> 4 | F70: =2*2 -> 4 | G70: =+ROUND(600/D70,0) -> 8 | I70: =+(0.168+0.168+0.2)+20*0.01 -> 0.736 | L70: =SUM(H70:J70)+K70 -> 0.736 | M70: =+ROUND(IF(C70=8,PRODUCT(E70,F70,G70,L70),0),2) -> 0 | N70: =+ROUND(IF(C70=10,PRODUCT(E70,F70,G70,L70),0),2) -> 94.21 | O70: =+ROUND(IF(C70=12,PRODUCT(E70,F70,G70,L70),0),2) -> 0 | P70: =+ROUND(IF(C70=16,PRODUCT(E70,F70,G70,L70),0),2) -> 0 | Q70: =+ROUND(IF(C70=20,PRODUCT(E70,F70,G70,L70),0),2) -> 0 | R70: =+ROUND(IF(C70=25,PRODUCT(E70,F70,G70,L70),0),2) -> 0
B71: Stirrups ZONE B | C71: 8 | D71: 150 | E71: =+E70 -> 4 | F71: 1 | G71: =+ROUND(450/D71+1,0) -> 4 | I71: =2*(0.204+0.504)+24*0.008 -> 1.608 | L71: =SUM(H71:J71)+K71 -> 1.608 | M71: =+ROUND(IF(C71=8,PRODUCT(E71,F71,G71,L71),0),2) -> 25.73 | N71: =+ROUND(IF(C71=10,PRODUCT(E71,F71,G71,L71),0),2) -> 0 | O71: =+ROUND(IF(C71=12,PRODUCT(E71,F71,G71,L71),0),2) -> 0 | P71: =+ROUND(IF(C71=16,PRODUCT(E71,F71,G71,L71),0),2) -> 0 | Q71: =+ROUND(IF(C71=20,PRODUCT(E71,F71,G71,L71),0),2) -> 0 | R71: =+ROUND(IF(C71=25,PRODUCT(E71,F71,G71,L71),0),2) -> 0
C72: 8 | D72: 150 | E72: =+E71 -> 4 | F72: 1 | G72: =+ROUND(450/D72+1,0) -> 4 | I72: =2*(0.204+0.115)+24*0.008 -> 0.83 | L72: =SUM(H72:J72)+K72 -> 0.83 | M72: =+ROUND(IF(C72=8,PRODUCT(E72,F72,G72,L72),0),2) -> 13.28 | N72: =+ROUND(IF(C72=10,PRODUCT(E72,F72,G72,L72),0),2) -> 0 | O72: =+ROUND(IF(C72=12,PRODUCT(E72,F72,G72,L72),0),2) -> 0 | P72: =+ROUND(IF(C72=16,PRODUCT(E72,F72,G72,L72),0),2) -> 0 | Q72: =+ROUND(IF(C72=20,PRODUCT(E72,F72,G72,L72),0),2) -> 0 | R72: =+ROUND(IF(C72=25,PRODUCT(E72,F72,G72,L72),0),2) -> 0
C73: 8 | D73: 150 | E73: =+E72 -> 4 | F73: 2 | G73: =+ROUND(450/D73+1,0) -> 4 | I73: =+(0.168+0.168+0.204)+20*0.008 -> 0.7 | L73: =SUM(H73:J73)+K73 -> 0.7 | M73: =+ROUND(IF(C73=8,PRODUCT(E73,F73,G73,L73),0),2) -> 22.4 | N73: =+ROUND(IF(C73=10,PRODUCT(E73,F73,G73,L73),0),2) -> 0 | O73: =+ROUND(IF(C73=12,PRODUCT(E73,F73,G73,L73),0),2) -> 0 | P73: =+ROUND(IF(C73=16,PRODUCT(E73,F73,G73,L73),0),2) -> 0 | Q73: =+ROUND(IF(C73=20,PRODUCT(E73,F73,G73,L73),0),2) -> 0 | R73: =+ROUND(IF(C73=25,PRODUCT(E73,F73,G73,L73),0),2) -> 0
B74: Shear wall from Foundation to plinth level | L74: =SUM(H74:J74)+K74 -> 0 | M74: =+ROUND(IF(C74=8,PRODUCT(E74,F74,G74,L74),0),2) -> 0 | N74: =+ROUND(IF(C74=10,PRODUCT(E74,F74,G74,L74),0),2) -> 0 | O74: =+ROUND(IF(C74=12,PRODUCT(E74,F74,G74,L74),0),2) -> 0 | P74: =+ROUND(IF(C74=16,PRODUCT(E74,F74,G74,L74),0),2) -> 0 | Q74: =+ROUND(IF(C74=20,PRODUCT(E74,F74,G74,L74),0),2) -> 0 | R74: =+ROUND(IF(C74=25,PRODUCT(E74,F74,G74,L74),0),2) -> 0
B75: SW 1 | C75: 16 | E75: 2 | F75: 1 | G75: 8 | H75: 0.3 | I75: =100.3-97.06-0.075 -> 3.165 | K75: =40*C75/1000 -> 0.64 | L75: =SUM(H75:J75)+K75 -> 4.105 | M75: =+ROUND(IF(C75=8,PRODUCT(E75,F75,G75,L75),0),2) -> 0 | N75: =+ROUND(IF(C75=10,PRODUCT(E75,F75,G75,L75),0),2) -> 0 | O75: =+ROUND(IF(C75=12,PRODUCT(E75,F75,G75,L75),0),2) -> 0 | P75: =+ROUND(IF(C75=16,PRODUCT(E75,F75,G75,L75),0),2) -> 65.68 | Q75: =+ROUND(IF(C75=20,PRODUCT(E75,F75,G75,L75),0),2) -> 0 | R75: =+ROUND(IF(C75=25,PRODUCT(E75,F75,G75,L75),0),2) -> 0
C76: 12 | E76: 2 | F76: 1 | G76: 16 | H76: 0.3 | I76: =100.3-97.06-0.075 -> 3.165 | K76: =40*C76/1000 -> 0.48 | L76: =SUM(H76:J76)+K76 -> 3.945 | M76: =+ROUND(IF(C76=8,PRODUCT(E76,F76,G76,L76),0),2) -> 0 | N76: =+ROUND(IF(C76=10,PRODUCT(E76,F76,G76,L76),0),2) -> 0 | O76: =+ROUND(IF(C76=12,PRODUCT(E76,F76,G76,L76),0),2) -> 126.24 | P76: =+ROUND(IF(C76=16,PRODUCT(E76,F76,G76,L76),0),2) -> 0 | Q76: =+ROUND(IF(C76=20,PRODUCT(E76,F76,G76,L76),0),2) -> 0 | R76: =+ROUND(IF(C76=25,PRODUCT(E76,F76,G76,L76),0),2) -> 0
C77: 10 | E77: 2 | F77: 1 | G77: 8 | H77: 0.3 | I77: =100.3-97.06-0.075 -> 3.165 | K77: =40*C77/1000 -> 0.4 | L77: =SUM(H77:J77)+K77 -> 3.865 | M77: =+ROUND(IF(C77=8,PRODUCT(E77,F77,G77,L77),0),2) -> 0 | N77: =+ROUND(IF(C77=10,PRODUCT(E77,F77,G77,L77),0),2) -> 61.84 | O77: =+ROUND(IF(C77=12,PRODUCT(E77,F77,G77,L77),0),2) -> 0 | P77: =+ROUND(IF(C77=16,PRODUCT(E77,F77,G77,L77),0),2) -> 0 | Q77: =+ROUND(IF(C77=20,PRODUCT(E77,F77,G77,L77),0),2) -> 0 | R77: =+ROUND(IF(C77=25,PRODUCT(E77,F77,G77,L77),0),2) -> 0
B78: Stirrups | L78: =SUM(H78:J78)+K78 -> 0 | M78: =+ROUND(IF(C78=8,PRODUCT(E78,F78,G78,L78),0),2) -> 0 | N78: =+ROUND(IF(C78=10,PRODUCT(E78,F78,G78,L78),0),2) -> 0 | O78: =+ROUND(IF(C78=12,PRODUCT(E78,F78,G78,L78),0),2) -> 0 | P78: =+ROUND(IF(C78=16,PRODUCT(E78,F78,G78,L78),0),2) -> 0 | Q78: =+ROUND(IF(C78=20,PRODUCT(E78,F78,G78,L78),0),2) -> 0 | R78: =+ROUND(IF(C78=25,PRODUCT(E78,F78,G78,L78),0),2) -> 0
B79: BE MAIN (164X584) | C79: 8 | D79: 100 | E79: 2 | F79: 1 | G79: =+ROUND(1650/D79+1,0) -> 18 | I79: =2*(0.164+0.584)+24*C79/1000 -> 1.688 | L79: =SUM(H79:J79)+K79 -> 1.688 | M79: =+ROUND(IF(C79=8,PRODUCT(E79,F79,G79,L79),0),2) -> 60.77 | N79: =+ROUND(IF(C79=10,PRODUCT(E79,F79,G79,L79),0),2) -> 0 | O79: =+ROUND(IF(C79=12,PRODUCT(E79,F79,G79,L79),0),2) -> 0 | P79: =+ROUND(IF(C79=16,PRODUCT(E79,F79,G79,L79),0),2) -> 0 | Q79: =+ROUND(IF(C79=20,PRODUCT(E79,F79,G79,L79),0),2) -> 0 | R79: =+ROUND(IF(C79=25,PRODUCT(E79,F79,G79,L79),0),2) -> 0
B80: BE OTHER (164X248) | C80: 8 | D80: 100 | E80: 2 | F80: 1 | G80: =+ROUND(1650/D80+1,0) -> 18 | I80: =2*(0.164+0.248)+24*C80/1000 -> 1.016 | L80: =SUM(H80:J80)+K80 -> 1.016 | M80: =+ROUND(IF(C80=8,PRODUCT(E80,F80,G80,L80),0),2) -> 36.58 | N80: =+ROUND(IF(C80=10,PRODUCT(E80,F80,G80,L80),0),2) -> 0 | O80: =+ROUND(IF(C80=12,PRODUCT(E80,F80,G80,L80),0),2) -> 0 | P80: =+ROUND(IF(C80=16,PRODUCT(E80,F80,G80,L80),0),2) -> 0 | Q80: =+ROUND(IF(C80=20,PRODUCT(E80,F80,G80,L80),0),2) -> 0 | R80: =+ROUND(IF(C80=25,PRODUCT(E80,F80,G80,L80),0),2) -> 0
B81: BE OTHER | C81: 8 | D81: 100 | E81: 2 | F81: 1 | G81: =+ROUND(1650/D81+1,0) -> 18 | I81: =0.18+(20*C81/1000) -> 0.34 | L81: =SUM(H81:J81)+K81 -> 0.34 | M81: =+ROUND(IF(C81=8,PRODUCT(E81,F81,G81,L81),0),2) -> 12.24 | N81: =+ROUND(IF(C81=10,PRODUCT(E81,F81,G81,L81),0),2) -> 0 | O81: =+ROUND(IF(C81=12,PRODUCT(E81,F81,G81,L81),0),2) -> 0 | P81: =+ROUND(IF(C81=16,PRODUCT(E81,F81,G81,L81),0),2) -> 0 | Q81: =+ROUND(IF(C81=20,PRODUCT(E81,F81,G81,L81),0),2) -> 0 | R81: =+ROUND(IF(C81=25,PRODUCT(E81,F81,G81,L81),0),2) -> 0
B82: BE MAIN (164X375) | C82: 8 | D82: 100 | E82: 2 | F82: 2 | G82: =+ROUND(1650/D82+1,0) -> 18 | I82: =2*(0.164+0.375)+24*C82/1000 -> 1.27 | L82: =SUM(H82:J82)+K82 -> 1.27 | M82: =+ROUND(IF(C82=8,PRODUCT(E82,F82,G82,L82),0),2) -> 91.44 | N82: =+ROUND(IF(C82=10,PRODUCT(E82,F82,G82,L82),0),2) -> 0 | O82: =+ROUND(IF(C82=12,PRODUCT(E82,F82,G82,L82),0),2) -> 0 | P82: =+ROUND(IF(C82=16,PRODUCT(E82,F82,G82,L82),0),2) -> 0 | Q82: =+ROUND(IF(C82=20,PRODUCT(E82,F82,G82,L82),0),2) -> 0 | R82: =+ROUND(IF(C82=25,PRODUCT(E82,F82,G82,L82),0),2) -> 0
B83: BE OTHER (164X268) | C83: 8 | D83: 100 | E83: 2 | F83: 1 | G83: =+ROUND(1650/D83+1,0) -> 18 | I83: =2*(0.164+0.268)+24*C83/1000 -> 1.056 | L83: =SUM(H83:J83)+K83 -> 1.056 | M83: =+ROUND(IF(C83=8,PRODUCT(E83,F83,G83,L83),0),2) -> 38.02 | N83: =+ROUND(IF(C83=10,PRODUCT(E83,F83,G83,L83),0),2) -> 0 | O83: =+ROUND(IF(C83=12,PRODUCT(E83,F83,G83,L83),0),2) -> 0 | P83: =+ROUND(IF(C83=16,PRODUCT(E83,F83,G83,L83),0),2) -> 0 | Q83: =+ROUND(IF(C83=20,PRODUCT(E83,F83,G83,L83),0),2) -> 0 | R83: =+ROUND(IF(C83=25,PRODUCT(E83,F83,G83,L83),0),2) -> 0
B84: BE OTHER | C84: 8 | D84: 100 | E84: 2 | F84: 1 | G84: =+ROUND(1650/D84+1,0) -> 18 | I84: =0.18+(20*C84/1000) -> 0.34 | L84: =SUM(H84:J84)+K84 -> 0.34 | M84: =+ROUND(IF(C84=8,PRODUCT(E84,F84,G84,L84),0),2) -> 12.24 | N84: =+ROUND(IF(C84=10,PRODUCT(E84,F84,G84,L84),0),2) -> 0 | O84: =+ROUND(IF(C84=12,PRODUCT(E84,F84,G84,L84),0),2) -> 0 | P84: =+ROUND(IF(C84=16,PRODUCT(E84,F84,G84,L84),0),2) -> 0 | Q84: =+ROUND(IF(C84=20,PRODUCT(E84,F84,G84,L84),0),2) -> 0 | R84: =+ROUND(IF(C84=25,PRODUCT(E84,F84,G84,L84),0),2) -> 0
B85: MID MAIN (164X866) | C85: 8 | D85: 200 | E85: 2 | F85: 1 | G85: =+ROUND(1650/D85+1,0) -> 9 | I85: =2*(0.164+0.866)+24*C85/1000 -> 2.252 | L85: =SUM(H85:J85)+K85 -> 2.252 | M85: =+ROUND(IF(C85=8,PRODUCT(E85,F85,G85,L85),0),2) -> 40.54 | N85: =+ROUND(IF(C85=10,PRODUCT(E85,F85,G85,L85),0),2) -> 0 | O85: =+ROUND(IF(C85=12,PRODUCT(E85,F85,G85,L85),0),2) -> 0 | P85: =+ROUND(IF(C85=16,PRODUCT(E85,F85,G85,L85),0),2) -> 0 | Q85: =+ROUND(IF(C85=20,PRODUCT(E85,F85,G85,L85),0),2) -> 0 | R85: =+ROUND(IF(C85=25,PRODUCT(E85,F85,G85,L85),0),2) -> 0
B86: MID OTHER | C86: 8 | D86: 400 | E86: 2 | F86: 2 | G86: =+ROUND(1650/D86+1,0) -> 5 | I86: =0.18+(20*C86/1000) -> 0.34 | L86: =SUM(H86:J86)+K86 -> 0.34 | M86: =+ROUND(IF(C86=8,PRODUCT(E86,F86,G86,L86),0),2) -> 6.8 | N86: =+ROUND(IF(C86=10,PRODUCT(E86,F86,G86,L86),0),2) -> 0 | O86: =+ROUND(IF(C86=12,PRODUCT(E86,F86,G86,L86),0),2) -> 0 | P86: =+ROUND(IF(C86=16,PRODUCT(E86,F86,G86,L86),0),2) -> 0 | Q86: =+ROUND(IF(C86=20,PRODUCT(E86,F86,G86,L86),0),2) -> 0 | R86: =+ROUND(IF(C86=25,PRODUCT(E86,F86,G86,L86),0),2) -> 0
B87: SW 2 | C87: 16 | E87: 2 | F87: 1 | G87: 8 | H87: 0.3 | I87: =100.3-97.06-0.075 -> 3.165 | K87: =40*C87/1000 -> 0.64 | L87: =SUM(H87:J87)+K87 -> 4.105 | M87: =+ROUND(IF(C87=8,PRODUCT(E87,F87,G87,L87),0),2) -> 0 | N87: =+ROUND(IF(C87=10,PRODUCT(E87,F87,G87,L87),0),2) -> 0 | O87: =+ROUND(IF(C87=12,PRODUCT(E87,F87,G87,L87),0),2) -> 0 | P87: =+ROUND(IF(C87=16,PRODUCT(E87,F87,G87,L87),0),2) -> 65.68 | Q87: =+ROUND(IF(C87=20,PRODUCT(E87,F87,G87,L87),0),2) -> 0 | R87: =+ROUND(IF(C87=25,PRODUCT(E87,F87,G87,L87),0),2) -> 0
C88: 12 | E88: 2 | F88: 1 | G88: 16 | H88: 0.3 | I88: =100.3-97.06-0.075 -> 3.165 | K88: =40*C88/1000 -> 0.48 | L88: =SUM(H88:J88)+K88 -> 3.945 | M88: =+ROUND(IF(C88=8,PRODUCT(E88,F88,G88,L88),0),2) -> 0 | N88: =+ROUND(IF(C88=10,PRODUCT(E88,F88,G88,L88),0),2) -> 0 | O88: =+ROUND(IF(C88=12,PRODUCT(E88,F88,G88,L88),0),2) -> 126.24 | P88: =+ROUND(IF(C88=16,PRODUCT(E88,F88,G88,L88),0),2) -> 0 | Q88: =+ROUND(IF(C88=20,PRODUCT(E88,F88,G88,L88),0),2) -> 0 | R88: =+ROUND(IF(C88=25,PRODUCT(E88,F88,G88,L88),0),2) -> 0
C89: 10 | E89: 2 | F89: 1 | G89: 10 | H89: 0.3 | I89: =100.3-97.06-0.075 -> 3.165 | K89: =40*C89/1000 -> 0.4 | L89: =SUM(H89:J89)+K89 -> 3.865 | M89: =+ROUND(IF(C89=8,PRODUCT(E89,F89,G89,L89),0),2) -> 0 | N89: =+ROUND(IF(C89=10,PRODUCT(E89,F89,G89,L89),0),2) -> 77.3 | O89: =+ROUND(IF(C89=12,PRODUCT(E89,F89,G89,L89),0),2) -> 0 | P89: =+ROUND(IF(C89=16,PRODUCT(E89,F89,G89,L89),0),2) -> 0 | Q89: =+ROUND(IF(C89=20,PRODUCT(E89,F89,G89,L89),0),2) -> 0 | R89: =+ROUND(IF(C89=25,PRODUCT(E89,F89,G89,L89),0),2) -> 0
B90: Stirrups | L90: =SUM(H90:J90)+K90 -> 0 | M90: =+ROUND(IF(C90=8,PRODUCT(E90,F90,G90,L90),0),2) -> 0 | N90: =+ROUND(IF(C90=10,PRODUCT(E90,F90,G90,L90),0),2) -> 0 | O90: =+ROUND(IF(C90=12,PRODUCT(E90,F90,G90,L90),0),2) -> 0 | P90: =+ROUND(IF(C90=16,PRODUCT(E90,F90,G90,L90),0),2) -> 0 | Q90: =+ROUND(IF(C90=20,PRODUCT(E90,F90,G90,L90),0),2) -> 0 | R90: =+ROUND(IF(C90=25,PRODUCT(E90,F90,G90,L90),0),2) -> 0
B91: BE MAIN (164X584) | C91: 8 | D91: 100 | E91: 2 | F91: 1 | G91: =+ROUND(1650/D91+1,0) -> 18 | I91: =2*(0.164+0.584)+24*C91/1000 -> 1.688 | L91: =SUM(H91:J91)+K91 -> 1.688 | M91: =+ROUND(IF(C91=8,PRODUCT(E91,F91,G91,L91),0),2) -> 60.77 | N91: =+ROUND(IF(C91=10,PRODUCT(E91,F91,G91,L91),0),2) -> 0 | O91: =+ROUND(IF(C91=12,PRODUCT(E91,F91,G91,L91),0),2) -> 0 | P91: =+ROUND(IF(C91=16,PRODUCT(E91,F91,G91,L91),0),2) -> 0 | Q91: =+ROUND(IF(C91=20,PRODUCT(E91,F91,G91,L91),0),2) -> 0 | R91: =+ROUND(IF(C91=25,PRODUCT(E91,F91,G91,L91),0),2) -> 0
B92: BE OTHER (164X248) | C92: 8 | D92: 100 | E92: 2 | F92: 1 | G92: =+ROUND(1650/D92+1,0) -> 18 | I92: =2*(0.164+0.248)+24*C92/1000 -> 1.016 | L92: =SUM(H92:J92)+K92 -> 1.016 | M92: =+ROUND(IF(C92=8,PRODUCT(E92,F92,G92,L92),0),2) -> 36.58 | N92: =+ROUND(IF(C92=10,PRODUCT(E92,F92,G92,L92),0),2) -> 0 | O92: =+ROUND(IF(C92=12,PRODUCT(E92,F92,G92,L92),0),2) -> 0 | P92: =+ROUND(IF(C92=16,PRODUCT(E92,F92,G92,L92),0),2) -> 0 | Q92: =+ROUND(IF(C92=20,PRODUCT(E92,F92,G92,L92),0),2) -> 0 | R92: =+ROUND(IF(C92=25,PRODUCT(E92,F92,G92,L92),0),2) -> 0
B93: BE OTHER | C93: 8 | D93: 100 | E93: 2 | F93: 1 | G93: =+ROUND(1650/D93+1,0) -> 18 | I93: =0.18+(20*C93/1000) -> 0.34 | L93: =SUM(H93:J93)+K93 -> 0.34 | M93: =+ROUND(IF(C93=8,PRODUCT(E93,F93,G93,L93),0),2) -> 12.24 | N93: =+ROUND(IF(C93=10,PRODUCT(E93,F93,G93,L93),0),2) -> 0 | O93: =+ROUND(IF(C93=12,PRODUCT(E93,F93,G93,L93),0),2) -> 0 | P93: =+ROUND(IF(C93=16,PRODUCT(E93,F93,G93,L93),0),2) -> 0 | Q93: =+ROUND(IF(C93=20,PRODUCT(E93,F93,G93,L93),0),2) -> 0 | R93: =+ROUND(IF(C93=25,PRODUCT(E93,F93,G93,L93),0),2) -> 0
B94: BE MAIN (164X375) | C94: 8 | D94: 100 | E94: 2 | F94: 2 | G94: =+ROUND(1650/D94+1,0) -> 18 | I94: =2*(0.164+0.375)+24*C94/1000 -> 1.27 | L94: =SUM(H94:J94)+K94 -> 1.27 | M94: =+ROUND(IF(C94=8,PRODUCT(E94,F94,G94,L94),0),2) -> 91.44 | N94: =+ROUND(IF(C94=10,PRODUCT(E94,F94,G94,L94),0),2) -> 0 | O94: =+ROUND(IF(C94=12,PRODUCT(E94,F94,G94,L94),0),2) -> 0 | P94: =+ROUND(IF(C94=16,PRODUCT(E94,F94,G94,L94),0),2) -> 0 | Q94: =+ROUND(IF(C94=20,PRODUCT(E94,F94,G94,L94),0),2) -> 0 | R94: =+ROUND(IF(C94=25,PRODUCT(E94,F94,G94,L94),0),2) -> 0
B95: BE OTHER (164X268) | C95: 8 | D95: 100 | E95: 2 | F95: 1 | G95: =+ROUND(1650/D95+1,0) -> 18 | I95: =2*(0.164+0.268)+24*C95/1000 -> 1.056 | L95: =SUM(H95:J95)+K95 -> 1.056 | M95: =+ROUND(IF(C95=8,PRODUCT(E95,F95,G95,L95),0),2) -> 38.02 | N95: =+ROUND(IF(C95=10,PRODUCT(E95,F95,G95,L95),0),2) -> 0 | O95: =+ROUND(IF(C95=12,PRODUCT(E95,F95,G95,L95),0),2) -> 0 | P95: =+ROUND(IF(C95=16,PRODUCT(E95,F95,G95,L95),0),2) -> 0 | Q95: =+ROUND(IF(C95=20,PRODUCT(E95,F95,G95,L95),0),2) -> 0 | R95: =+ROUND(IF(C95=25,PRODUCT(E95,F95,G95,L95),0),2) -> 0
B96: BE OTHER | C96: 8 | D96: 100 | E96: 2 | F96: 1 | G96: =+ROUND(1650/D96+1,0) -> 18 | I96: =0.18+(20*C96/1000) -> 0.34 | L96: =SUM(H96:J96)+K96 -> 0.34 | M96: =+ROUND(IF(C96=8,PRODUCT(E96,F96,G96,L96),0),2) -> 12.24 | N96: =+ROUND(IF(C96=10,PRODUCT(E96,F96,G96,L96),0),2) -> 0 | O96: =+ROUND(IF(C96=12,PRODUCT(E96,F96,G96,L96),0),2) -> 0 | P96: =+ROUND(IF(C96=16,PRODUCT(E96,F96,G96,L96),0),2) -> 0 | Q96: =+ROUND(IF(C96=20,PRODUCT(E96,F96,G96,L96),0),2) -> 0 | R96: =+ROUND(IF(C96=25,PRODUCT(E96,F96,G96,L96),0),2) -> 0
B97: MID MAIN (164X1066) | C97: 8 | D97: 200 | E97: 2 | F97: 1 | G97: =+ROUND(1650/D97+1,0) -> 9 | I97: =2*(0.164+1.066)+24*C97/1000 -> 2.652 | L97: =SUM(H97:J97)+K97 -> 2.652 | M97: =+ROUND(IF(C97=8,PRODUCT(E97,F97,G97,L97),0),2) -> 47.74 | N97: =+ROUND(IF(C97=10,PRODUCT(E97,F97,G97,L97),0),2) -> 0 | O97: =+ROUND(IF(C97=12,PRODUCT(E97,F97,G97,L97),0),2) -> 0 | P97: =+ROUND(IF(C97=16,PRODUCT(E97,F97,G97,L97),0),2) -> 0 | Q97: =+ROUND(IF(C97=20,PRODUCT(E97,F97,G97,L97),0),2) -> 0 | R97: =+ROUND(IF(C97=25,PRODUCT(E97,F97,G97,L97),0),2) -> 0
B98: MID OTHER | C98: 8 | D98: 400 | E98: 2 | F98: 2 | G98: =+ROUND(1650/D98+1,0) -> 5 | I98: =0.18+(20*C98/1000) -> 0.34 | L98: =SUM(H98:J98)+K98 -> 0.34 | M98: =+ROUND(IF(C98=8,PRODUCT(E98,F98,G98,L98),0),2) -> 6.8 | N98: =+ROUND(IF(C98=10,PRODUCT(E98,F98,G98,L98),0),2) -> 0 | O98: =+ROUND(IF(C98=12,PRODUCT(E98,F98,G98,L98),0),2) -> 0 | P98: =+ROUND(IF(C98=16,PRODUCT(E98,F98,G98,L98),0),2) -> 0 | Q98: =+ROUND(IF(C98=20,PRODUCT(E98,F98,G98,L98),0),2) -> 0 | R98: =+ROUND(IF(C98=25,PRODUCT(E98,F98,G98,L98),0),2) -> 0
B99: SW 3 | C99: 16 | E99: 2 | F99: 1 | G99: 4 | H99: 0.3 | I99: =100.3-97.06-0.075 -> 3.165 | K99: =40*C99/1000 -> 0.64 | L99: =SUM(H99:J99)+K99 -> 4.105 | M99: =+ROUND(IF(C99=8,PRODUCT(E99,F99,G99,L99),0),2) -> 0 | N99: =+ROUND(IF(C99=10,PRODUCT(E99,F99,G99,L99),0),2) -> 0 | O99: =+ROUND(IF(C99=12,PRODUCT(E99,F99,G99,L99),0),2) -> 0 | P99: =+ROUND(IF(C99=16,PRODUCT(E99,F99,G99,L99),0),2) -> 32.84 | Q99: =+ROUND(IF(C99=20,PRODUCT(E99,F99,G99,L99),0),2) -> 0 | R99: =+ROUND(IF(C99=25,PRODUCT(E99,F99,G99,L99),0),2) -> 0
C100: 12 | E100: 2 | F100: 1 | G100: 16 | H100: 0.3 | I100: =100.3-97.06-0.075 -> 3.165 | K100: =40*C100/1000 -> 0.48 | L100: =SUM(H100:J100)+K100 -> 3.945 | M100: =+ROUND(IF(C100=8,PRODUCT(E100,F100,G100,L100),0),2) -> 0 | N100: =+ROUND(IF(C100=10,PRODUCT(E100,F100,G100,L100),0),2) -> 0 | O100: =+ROUND(IF(C100=12,PRODUCT(E100,F100,G100,L100),0),2) -> 126.24 | P100: =+ROUND(IF(C100=16,PRODUCT(E100,F100,G100,L100),0),2) -> 0 | Q100: =+ROUND(IF(C100=20,PRODUCT(E100,F100,G100,L100),0),2) -> 0 | R100: =+ROUND(IF(C100=25,PRODUCT(E100,F100,G100,L100),0),2) -> 0
B101: Stirrups | L101: =SUM(H101:J101)+K101 -> 0 | M101: =+ROUND(IF(C101=8,PRODUCT(E101,F101,G101,L101),0),2) -> 0 | N101: =+ROUND(IF(C101=10,PRODUCT(E101,F101,G101,L101),0),2) -> 0 | O101: =+ROUND(IF(C101=12,PRODUCT(E101,F101,G101,L101),0),2) -> 0 | P101: =+ROUND(IF(C101=16,PRODUCT(E101,F101,G101,L101),0),2) -> 0 | Q101: =+ROUND(IF(C101=20,PRODUCT(E101,F101,G101,L101),0),2) -> 0 | R101: =+ROUND(IF(C101=25,PRODUCT(E101,F101,G101,L101),0),2) -> 0
...

Sheet Typical floor STEEL
A1: Reinforcement
A2: Sr. No. | B2: Designation | C2: Dia | D2: C/C (mm) | E2: No | F2: No | G2: No of Bars | H2: Bar Length (mtr) | K2: Lap Length | L2: One Bar Length (MTR) | M2: Dia Wise Weight (Kg)
H3: a | I3: b | J3: c | M3: 8mm | N3: 10mm | O3: 12mm | P3: 16mm | Q3: 20MM | R3: 25mm
B4: Typical Beam
A5: 200X500 | B5: B1 | L5: =SUM(H5:J5)+K5 -> 0 | M5: =+ROUND(IF(C5=8,PRODUCT(E5,F5,G5,L5),0),2) -> 0 | N5: =+ROUND(IF(C5=10,PRODUCT(E5,F5,G5,L5),0),2) -> 0 | O5: =+ROUND(IF(C5=12,PRODUCT(E5,F5,G5,L5),0),2) -> 0 | P5: =+ROUND(IF(C5=16,PRODUCT(E5,F5,G5,L5),0),2) -> 0 | Q5: =+ROUND(IF(C5=20,PRODUCT(E5,F5,G5,L5),0),2) -> 0 | R5: =+ROUND(IF(C5=25,PRODUCT(E5,F5,G5,L5),0),2) -> 0
B6: BOTTOM | C6: 16 | E6: 2 | F6: 1 | G6: 2 | H6: =0.58+8*$C6/1000 -> 0.708 | I6: =6.125 -> 6.125 | J6: =0.58+8*$C6/1000 -> 0.708 | L6: =SUM(H6:J6)+K6 -> 7.541 | M6: =+ROUND(IF(C6=8,PRODUCT(E6,F6,G6,L6),0),2) -> 0 | N6: =+ROUND(IF(C6=10,PRODUCT(E6,F6,G6,L6),0),2) -> 0 | O6: =+ROUND(IF(C6=12,PRODUCT(E6,F6,G6,L6),0),2) -> 0 | P6: =+ROUND(IF(C6=16,PRODUCT(E6,F6,G6,L6),0),2) -> 30.16 | Q6: =+ROUND(IF(C6=20,PRODUCT(E6,F6,G6,L6),0),2) -> 0 | R6: =+ROUND(IF(C6=25,PRODUCT(E6,F6,G6,L6),0),2) -> 0
B7: TOP | C7: 20 | E7: 2 | F7: 1 | G7: 2 | H7: =0.72+8*$C7/1000 -> 0.88 | I7: =6.125 -> 6.125 | J7: =0.72+8*$C7/1000 -> 0.88 | L7: =SUM(H7:J7)+K7 -> 7.885 | M7: =+ROUND(IF(C7=8,PRODUCT(E7,F7,G7,L7),0),2) -> 0 | N7: =+ROUND(IF(C7=10,PRODUCT(E7,F7,G7,L7),0),2) -> 0 | O7: =+ROUND(IF(C7=12,PRODUCT(E7,F7,G7,L7),0),2) -> 0 | P7: =+ROUND(IF(C7=16,PRODUCT(E7,F7,G7,L7),0),2) -> 0 | Q7: =+ROUND(IF(C7=20,PRODUCT(E7,F7,G7,L7),0),2) -> 31.54 | R7: =+ROUND(IF(C7=25,PRODUCT(E7,F7,G7,L7),0),2) -> 0
B8: TOP EXTRA | C8: 12 | E8: 2 | F8: 1 | G8: 2 | H8: =0.44+8*$C8/1000 -> 0.536 | I8: 0.85 | L8: =SUM(H8:J8)+K8 -> 1.386 | M8: =+ROUND(IF(C8=8,PRODUCT(E8,F8,G8,L8),0),2) -> 0 | N8: =+ROUND(IF(C8=10,PRODUCT(E8,F8,G8,L8),0),2) -> 0 | O8: =+ROUND(IF(C8=12,PRODUCT(E8,F8,G8,L8),0),2) -> 5.54 | P8: =+ROUND(IF(C8=16,PRODUCT(E8,F8,G8,L8),0),2) -> 0 | Q8: =+ROUND(IF(C8=20,PRODUCT(E8,F8,G8,L8),0),2) -> 0 | R8: =+ROUND(IF(C8=25,PRODUCT(E8,F8,G8,L8),0),2) -> 0
B9: STIRRUPS | C9: 8 | D9: 100 | E9: 2 | F9: 1 | G9: =+ROUND(2/0.1,0) -> 20 | I9: =2*(0.15+0.45)+16*C9/1000 -> 1.328 | L9: =SUM(H9:J9)+K9 -> 1.328 | M9: =+ROUND(IF(C9=8,PRODUCT(E9,F9,G9,L9),0),2) -> 53.12 | N9: =+ROUND(IF(C9=10,PRODUCT(E9,F9,G9,L9),0),2) -> 0 | O9: =+ROUND(IF(C9=12,PRODUCT(E9,F9,G9,L9),0),2) -> 0 | P9: =+ROUND(IF(C9=16,PRODUCT(E9,F9,G9,L9),0),2) -> 0 | Q9: =+ROUND(IF(C9=20,PRODUCT(E9,F9,G9,L9),0),2) -> 0 | R9: =+ROUND(IF(C9=25,PRODUCT(E9,F9,G9,L9),0),2) -> 0
C10: 8 | D10: 150 | E10: 2 | F10: 1 | G10: =+ROUND(1.025/0.15+1,0) -> 8 | I10: =2*(0.15+0.45)+16*C10/1000 -> 1.328 | L10: =SUM(H10:J10)+K10 -> 1.328 | M10: =+ROUND(IF(C10=8,PRODUCT(E10,F10,G10,L10),0),2) -> 21.25 | N10: =+ROUND(IF(C10=10,PRODUCT(E10,F10,G10,L10),0),2) -> 0 | O10: =+ROUND(IF(C10=12,PRODUCT(E10,F10,G10,L10),0),2) -> 0 | P10: =+ROUND(IF(C10=16,PRODUCT(E10,F10,G10,L10),0),2) -> 0 | Q10: =+ROUND(IF(C10=20,PRODUCT(E10,F10,G10,L10),0),2) -> 0 | R10: =+ROUND(IF(C10=25,PRODUCT(E10,F10,G10,L10),0),2) -> 0
B11: STIRRUPS | C11: 8 | D11: 100 | E11: 2 | F11: 1 | G11: =+ROUND(2/0.1,0) -> 20 | I11: =2*(0.15+0.45)+16*C11/1000 -> 1.328 | L11: =SUM(H11:J11)+K11 -> 1.328 | M11: =+ROUND(IF(C11=8,PRODUCT(E11,F11,G11,L11),0),2) -> 53.12 | N11: =+ROUND(IF(C11=10,PRODUCT(E11,F11,G11,L11),0),2) -> 0 | O11: =+ROUND(IF(C11=12,PRODUCT(E11,F11,G11,L11),0),2) -> 0 | P11: =+ROUND(IF(C11=16,PRODUCT(E11,F11,G11,L11),0),2) -> 0 | Q11: =+ROUND(IF(C11=20,PRODUCT(E11,F11,G11,L11),0),2) -> 0 | R11: =+ROUND(IF(C11=25,PRODUCT(E11,F11,G11,L11),0),2) -> 0
C12: 8 | D12: 150 | E12: 2 | F12: 1 | G12: =+ROUND(0.8/0.15+1,0) -> 6 | I12: =2*(0.15+0.45)+16*C12/1000 -> 1.328 | L12: =SUM(H12:J12)+K12 -> 1.328 | M12: =+ROUND(IF(C12=8,PRODUCT(E12,F12,G12,L12),0),2) -> 15.94 | N12: =+ROUND(IF(C12=10,PRODUCT(E12,F12,G12,L12),0),2) -> 0 | O12: =+ROUND(IF(C12=12,PRODUCT(E12,F12,G12,L12),0),2) -> 0 | P12: =+ROUND(IF(C12=16,PRODUCT(E12,F12,G12,L12),0),2) -> 0 | Q12: =+ROUND(IF(C12=20,PRODUCT(E12,F12,G12,L12),0),2) -> 0 | R12: =+ROUND(IF(C12=25,PRODUCT(E12,F12,G12,L12),0),2) -> 0
A13: 200X500 | B13: B2 | L13: =SUM(H13:J13)+K13 -> 0 | M13: =+ROUND(IF(C13=8,PRODUCT(E13,F13,G13,L13),0),2) -> 0 | N13: =+ROUND(IF(C13=10,PRODUCT(E13,F13,G13,L13),0),2) -> 0 | O13: =+ROUND(IF(C13=12,PRODUCT(E13,F13,G13,L13),0),2) -> 0 | P13: =+ROUND(IF(C13=16,PRODUCT(E13,F13,G13,L13),0),2) -> 0 | Q13: =+ROUND(IF(C13=20,PRODUCT(E13,F13,G13,L13),0),2) -> 0 | R13: =+ROUND(IF(C13=25,PRODUCT(E13,F13,G13,L13),0),2) -> 0
B14: BOTTOM | C14: 16 | E14: 2 | F14: 1 | G14: 2 | H14: =0.58+8*$C14/1000 -> 0.708 | I14: 3.3 | J14: =((0.79)/3)+0.1 -> 0.36333333 | L14: =SUM(H14:J14)+K14 -> 4.3713333 | M14: =+ROUND(IF(C14=8,PRODUCT(E14,F14,G14,L14),0),2) -> 0 | N14: =+ROUND(IF(C14=10,PRODUCT(E14,F14,G14,L14),0),2) -> 0 | O14: =+ROUND(IF(C14=12,PRODUCT(E14,F14,G14,L14),0),2) -> 0 | P14: =+ROUND(IF(C14=16,PRODUCT(E14,F14,G14,L14),0),2) -> 17.49 | Q14: =+ROUND(IF(C14=20,PRODUCT(E14,F14,G14,L14),0),2) -> 0 | R14: =+ROUND(IF(C14=25,PRODUCT(E14,F14,G14,L14),0),2) -> 0
B15: TOP | C15: 20 | E15: 2 | F15: 1 | G15: 2 | H15: =0.72+8*$C15/1000 -> 0.88 | I15: 3.3 | J15: =((0.98)/3)+0.1 -> 0.42666667 | L15: =SUM(H15:J15)+K15 -> 4.6066667 | M15: =+ROUND(IF(C15=8,PRODUCT(E15,F15,G15,L15),0),2) -> 0 | N15: =+ROUND(IF(C15=10,PRODUCT(E15,F15,G15,L15),0),2) -> 0 | O15: =+ROUND(IF(C15=12,PRODUCT(E15,F15,G15,L15),0),2) -> 0 | P15: =+ROUND(IF(C15=16,PRODUCT(E15,F15,G15,L15),0),2) -> 0 | Q15: =+ROUND(IF(C15=20,PRODUCT(E15,F15,G15,L15),0),2) -> 18.43 | R15: =+ROUND(IF(C15=25,PRODUCT(E15,F15,G15,L15),0),2) -> 0
B16: STIRRUPS | C16: 8 | D16: 100 | E16: 2 | F16: 1 | G16: =+ROUND(2/0.1,0) -> 20 | I16: =2*(0.15+0.45)+16*C16/1000 -> 1.328 | L16: =SUM(H16:J16)+K16 -> 1.328 | M16: =+ROUND(IF(C16=8,PRODUCT(E16,F16,G16,L16),0),2) -> 53.12 | N16: =+ROUND(IF(C16=10,PRODUCT(E16,F16,G16,L16),0),2) -> 0 | O16: =+ROUND(IF(C16=12,PRODUCT(E16,F16,G16,L16),0),2) -> 0 | P16: =+ROUND(IF(C16=16,PRODUCT(E16,F16,G16,L16),0),2) -> 0 | Q16: =+ROUND(IF(C16=20,PRODUCT(E16,F16,G16,L16),0),2) -> 0 | R16: =+ROUND(IF(C16=25,PRODUCT(E16,F16,G16,L16),0),2) -> 0
C17: 8 | D17: 150 | E17: 2 | F17: 1 | G17: =+ROUND(1.3/0.15+1,0) -> 10 | I17: =2*(0.15+0.45)+16*C17/1000 -> 1.328 | L17: =SUM(H17:J17)+K17 -> 1.328 | M17: =+ROUND(IF(C17=8,PRODUCT(E17,F17,G17,L17),0),2) -> 26.56 | N17: =+ROUND(IF(C17=10,PRODUCT(E17,F17,G17,L17),0),2) -> 0 | O17: =+ROUND(IF(C17=12,PRODUCT(E17,F17,G17,L17),0),2) -> 0 | P17: =+ROUND(IF(C17=16,PRODUCT(E17,F17,G17,L17),0),2) -> 0 | Q17: =+ROUND(IF(C17=20,PRODUCT(E17,F17,G17,L17),0),2) -> 0 | R17: =+ROUND(IF(C17=25,PRODUCT(E17,F17,G17,L17),0),2) -> 0
A18: 100X350 | B18: B3 | L18: =SUM(H18:J18)+K18 -> 0 | M18: =+ROUND(IF(C18=8,PRODUCT(E18,F18,G18,L18),0),2) -> 0 | N18: =+ROUND(IF(C18=10,PRODUCT(E18,F18,G18,L18),0),2) -> 0 | O18: =+ROUND(IF(C18=12,PRODUCT(E18,F18,G18,L18),0),2) -> 0 | P18: =+ROUND(IF(C18=16,PRODUCT(E18,F18,G18,L18),0),2) -> 0 | Q18: =+ROUND(IF(C18=20,PRODUCT(E18,F18,G18,L18),0),2) -> 0 | R18: =+ROUND(IF(C18=25,PRODUCT(E18,F18,G18,L18),0),2) -> 0
B19: BOTTOM | C19: 12 | E19: 2 | F19: 1 | G19: 2 | H19: =0.36+8*$C19/1000 -> 0.456 | I19: 1.395 | J19: =0.36+8*$C19/1000 -> 0.456 | L19: =SUM(H19:J19)+K19 -> 2.307 | M19: =+ROUND(IF(C19=8,PRODUCT(E19,F19,G19,L19),0),2) -> 0 | N19: =+ROUND(IF(C19=10,PRODUCT(E19,F19,G19,L19),0),2) -> 0 | O19: =+ROUND(IF(C19=12,PRODUCT(E19,F19,G19,L19),0),2) -> 9.23 | P19: =+ROUND(IF(C19=16,PRODUCT(E19,F19,G19,L19),0),2) -> 0 | Q19: =+ROUND(IF(C19=20,PRODUCT(E19,F19,G19,L19),0),2) -> 0 | R19: =+ROUND(IF(C19=25,PRODUCT(E19,F19,G19,L19),0),2) -> 0
B20: TOP | C20: 12 | E20: 2 | F20: 1 | G20: 2 | H20: =0.36+8*$C20/1000 -> 0.456 | I20: 1.395 | J20: =0.36+8*$C20/1000 -> 0.456 | L20: =SUM(H20:J20)+K20 -> 2.307 | M20: =+ROUND(IF(C20=8,PRODUCT(E20,F20,G20,L20),0),2) -> 0 | N20: =+ROUND(IF(C20=10,PRODUCT(E20,F20,G20,L20),0),2) -> 0 | O20: =+ROUND(IF(C20=12,PRODUCT(E20,F20,G20,L20),0),2) -> 9.23 | P20: =+ROUND(IF(C20=16,PRODUCT(E20,F20,G20,L20),0),2) -> 0 | Q20: =+ROUND(IF(C20=20,PRODUCT(E20,F20,G20,L20),0),2) -> 0 | R20: =+ROUND(IF(C20=25,PRODUCT(E20,F20,G20,L20),0),2) -> 0
B21: STIRRUPS | C21: 8 | D21: 150 | E21: 2 | F21: 1 | G21: =+ROUND(1.395/0.15+1,0) -> 10 | I21: =2*(0.05+0.3)+16*C21/1000 -> 0.828 | L21: =SUM(H21:J21)+K21 -> 0.828 | M21: =+ROUND(IF(C21=8,PRODUCT(E21,F21,G21,L21),0),2) -> 16.56 | N21: =+ROUND(IF(C21=10,PRODUCT(E21,F21,G21,L21),0),2) -> 0 | O21: =+ROUND(IF(C21=12,PRODUCT(E21,F21,G21,L21),0),2) -> 0 | P21: =+ROUND(IF(C21=16,PRODUCT(E21,F21,G21,L21),0),2) -> 0 | Q21: =+ROUND(IF(C21=20,PRODUCT(E21,F21,G21,L21),0),2) -> 0 | R21: =+ROUND(IF(C21=25,PRODUCT(E21,F21,G21,L21),0),2) -> 0
A23: 200X350 | B23: B4 | L23: =SUM(H23:J23)+K23 -> 0 | M23: =+ROUND(IF(C23=8,PRODUCT(E23,F23,G23,L23),0),2) -> 0 | N23: =+ROUND(IF(C23=10,PRODUCT(E23,F23,G23,L23),0),2) -> 0 | O23: =+ROUND(IF(C23=12,PRODUCT(E23,F23,G23,L23),0),2) -> 0 | P23: =+ROUND(IF(C23=16,PRODUCT(E23,F23,G23,L23),0),2) -> 0 | Q23: =+ROUND(IF(C23=20,PRODUCT(E23,F23,G23,L23),0),2) -> 0 | R23: =+ROUND(IF(C23=25,PRODUCT(E23,F23,G23,L23),0),2) -> 0
B24: BOTTOM | C24: 16 | E24: 4 | F24: 1 | G24: 2 | H24: =0.58+8*$C24/1000 -> 0.708 | I24: 1.395 | J24: =0.58+8*$C24/1000 -> 0.708 | L24: =SUM(H24:J24)+K24 -> 2.811 | M24: =+ROUND(IF(C24=8,PRODUCT(E24,F24,G24,L24),0),2) -> 0 | N24: =+ROUND(IF(C24=10,PRODUCT(E24,F24,G24,L24),0),2) -> 0 | O24: =+ROUND(IF(C24=12,PRODUCT(E24,F24,G24,L24),0),2) -> 0 | P24: =+ROUND(IF(C24=16,PRODUCT(E24,F24,G24,L24),0),2) -> 22.49 | Q24: =+ROUND(IF(C24=20,PRODUCT(E24,F24,G24,L24),0),2) -> 0 | R24: =+ROUND(IF(C24=25,PRODUCT(E24,F24,G24,L24),0),2) -> 0
B25: TOP | C25: 16 | E25: 4 | F25: 1 | G25: 2 | H25: =0.58+8*$C25/1000 -> 0.708 | I25: 1.395 | J25: =0.58+8*$C25/1000 -> 0.708 | L25: =SUM(H25:J25)+K25 -> 2.811 | M25: =+ROUND(IF(C25=8,PRODUCT(E25,F25,G25,L25),0),2) -> 0 | N25: =+ROUND(IF(C25=10,PRODUCT(E25,F25,G25,L25),0),2) -> 0 | O25: =+ROUND(IF(C25=12,PRODUCT(E25,F25,G25,L25),0),2) -> 0 | P25: =+ROUND(IF(C25=16,PRODUCT(E25,F25,G25,L25),0),2) -> 22.49 | Q25: =+ROUND(IF(C25=20,PRODUCT(E25,F25,G25,L25),0),2) -> 0 | R25: =+ROUND(IF(C25=25,PRODUCT(E25,F25,G25,L25),0),2) -> 0
B26: STIRRUPS | C26: 8 | D26: 100 | E26: 4 | F26: 1 | G26: =+ROUND(1.395/0.1+1,0) -> 15 | I26: =2*(0.15+0.3)+16*C26/1000 -> 1.028 | L26: =SUM(H26:J26)+K26 -> 1.028 | M26: =+ROUND(IF(C26=8,PRODUCT(E26,F26,G26,L26),0),2) -> 61.68 | N26: =+ROUND(IF(C26=10,PRODUCT(E26,F26,G26,L26),0),2) -> 0 | O26: =+ROUND(IF(C26=12,PRODUCT(E26,F26,G26,L26),0),2) -> 0 | P26: =+ROUND(IF(C26=16,PRODUCT(E26,F26,G26,L26),0),2) -> 0 | Q26: =+ROUND(IF(C26=20,PRODUCT(E26,F26,G26,L26),0),2) -> 0 | R26: =+ROUND(IF(C26=25,PRODUCT(E26,F26,G26,L26),0),2) -> 0
A27: 200X450 | B27: B5 | L27: =SUM(H27:J27)+K27 -> 0 | M27: =+ROUND(IF(C27=8,PRODUCT(E27,F27,G27,L27),0),2) -> 0 | N27: =+ROUND(IF(C27=10,PRODUCT(E27,F27,G27,L27),0),2) -> 0 | O27: =+ROUND(IF(C27=12,PRODUCT(E27,F27,G27,L27),0),2) -> 0 | P27: =+ROUND(IF(C27=16,PRODUCT(E27,F27,G27,L27),0),2) -> 0 | Q27: =+ROUND(IF(C27=20,PRODUCT(E27,F27,G27,L27),0),2) -> 0 | R27: =+ROUND(IF(C27=25,PRODUCT(E27,F27,G27,L27),0),2) -> 0
B28: BOTTOM | C28: 16 | E28: 2 | F28: 1 | G28: 2 | H28: =0.58+8*$C28/1000 -> 0.708 | I28: 6.875 | J28: =((0.79)/3)+0.1 -> 0.36333333 | L28: =SUM(H28:J28)+K28 -> 7.9463333 | M28: =+ROUND(IF(C28=8,PRODUCT(E28,F28,G28,L28),0),2) -> 0 | N28: =+ROUND(IF(C28=10,PRODUCT(E28,F28,G28,L28),0),2) -> 0 | O28: =+ROUND(IF(C28=12,PRODUCT(E28,F28,G28,L28),0),2) -> 0 | P28: =+ROUND(IF(C28=16,PRODUCT(E28,F28,G28,L28),0),2) -> 31.79 | Q28: =+ROUND(IF(C28=20,PRODUCT(E28,F28,G28,L28),0),2) -> 0 | R28: =+ROUND(IF(C28=25,PRODUCT(E28,F28,G28,L28),0),2) -> 0
B29: TOP | C29: 16 | E29: 2 | F29: 1 | G29: 2 | H29: =0.58+8*$C29/1000 -> 0.708 | I29: 6.875 | J29: =((0.79)/3)+0.1 -> 0.36333333 | L29: =SUM(H29:J29)+K29 -> 7.9463333 | M29: =+ROUND(IF(C29=8,PRODUCT(E29,F29,G29,L29),0),2) -> 0 | N29: =+ROUND(IF(C29=10,PRODUCT(E29,F29,G29,L29),0),2) -> 0 | O29: =+ROUND(IF(C29=12,PRODUCT(E29,F29,G29,L29),0),2) -> 0 | P29: =+ROUND(IF(C29=16,PRODUCT(E29,F29,G29,L29),0),2) -> 31.79 | Q29: =+ROUND(IF(C29=20,PRODUCT(E29,F29,G29,L29),0),2) -> 0 | R29: =+ROUND(IF(C29=25,PRODUCT(E29,F29,G29,L29),0),2) -> 0
B30: STIRRUPS | C30: 8 | D30: 100 | E30: 2 | F30: 1 | G30: =+ROUND(1.8/0.1,0) -> 18 | I30: =2*(0.15+0.4)+16*C30/1000 -> 1.228 | L30: =SUM(H30:J30)+K30 -> 1.228 | M30: =+ROUND(IF(C30=8,PRODUCT(E30,F30,G30,L30),0),2) -> 44.21 | N30: =+ROUND(IF(C30=10,PRODUCT(E30,F30,G30,L30),0),2) -> 0 | O30: =+ROUND(IF(C30=12,PRODUCT(E30,F30,G30,L30),0),2) -> 0 | P30: =+ROUND(IF(C30=16,PRODUCT(E30,F30,G30,L30),0),2) -> 0 | Q30: =+ROUND(IF(C30=20,PRODUCT(E30,F30,G30,L30),0),2) -> 0 | R30: =+ROUND(IF(C30=25,PRODUCT(E30,F30,G30,L30),0),2) -> 0
C31: 8 | D31: 150 | E31: 2 | F31: 1 | G31: =+ROUND(1.775/0.15+1,0) -> 13 | I31: =2*(0.15+0.4)+16*C31/1000 -> 1.228 | L31: =SUM(H31:J31)+K31 -> 1.228 | M31: =+ROUND(IF(C31=8,PRODUCT(E31,F31,G31,L31),0),2) -> 31.93 | N31: =+ROUND(IF(C31=10,PRODUCT(E31,F31,G31,L31),0),2) -> 0 | O31: =+ROUND(IF(C31=12,PRODUCT(E31,F31,G31,L31),0),2) -> 0 | P31: =+ROUND(IF(C31=16,PRODUCT(E31,F31,G31,L31),0),2) -> 0 | Q31: =+ROUND(IF(C31=20,PRODUCT(E31,F31,G31,L31),0),2) -> 0 | R31: =+ROUND(IF(C31=25,PRODUCT(E31,F31,G31,L31),0),2) -> 0
B32: STIRRUPS | C32: 8 | D32: 100 | E32: 2 | F32: 1 | G32: =+ROUND(1.8/0.1,0) -> 18 | I32: =2*(0.15+0.4)+16*C32/1000 -> 1.228 | L32: =SUM(H32:J32)+K32 -> 1.228 | M32: =+ROUND(IF(C32=8,PRODUCT(E32,F32,G32,L32),0),2) -> 44.21 | N32: =+ROUND(IF(C32=10,PRODUCT(E32,F32,G32,L32),0),2) -> 0 | O32: =+ROUND(IF(C32=12,PRODUCT(E32,F32,G32,L32),0),2) -> 0 | P32: =+ROUND(IF(C32=16,PRODUCT(E32,F32,G32,L32),0),2) -> 0 | Q32: =+ROUND(IF(C32=20,PRODUCT(E32,F32,G32,L32),0),2) -> 0 | R32: =+ROUND(IF(C32=25,PRODUCT(E32,F32,G32,L32),0),2) -> 0
C33: 8 | D33: 150 | E33: 2 | F33: 1 | G33: =+ROUND(1.3/0.15+1,0) -> 10 | I33: =2*(0.15+0.4)+16*C33/1000 -> 1.228 | L33: =SUM(H33:J33)+K33 -> 1.228 | M33: =+ROUND(IF(C33=8,PRODUCT(E33,F33,G33,L33),0),2) -> 24.56 | N33: =+ROUND(IF(C33=10,PRODUCT(E33,F33,G33,L33),0),2) -> 0 | O33: =+ROUND(IF(C33=12,PRODUCT(E33,F33,G33,L33),0),2) -> 0 | P33: =+ROUND(IF(C33=16,PRODUCT(E33,F33,G33,L33),0),2) -> 0 | Q33: =+ROUND(IF(C33=20,PRODUCT(E33,F33,G33,L33),0),2) -> 0 | R33: =+ROUND(IF(C33=25,PRODUCT(E33,F33,G33,L33),0),2) -> 0
A34: 230X350 | B34: B6 | L34: =SUM(H34:J34)+K34 -> 0 | M34: =+ROUND(IF(C34=8,PRODUCT(E34,F34,G34,L34),0),2) -> 0 | N34: =+ROUND(IF(C34=10,PRODUCT(E34,F34,G34,L34),0),2) -> 0 | O34: =+ROUND(IF(C34=12,PRODUCT(E34,F34,G34,L34),0),2) -> 0 | P34: =+ROUND(IF(C34=16,PRODUCT(E34,F34,G34,L34),0),2) -> 0 | Q34: =+ROUND(IF(C34=20,PRODUCT(E34,F34,G34,L34),0),2) -> 0 | R34: =+ROUND(IF(C34=25,PRODUCT(E34,F34,G34,L34),0),2) -> 0
B35: BOTTOM | C35: 16 | E35: 2 | F35: 1 | G35: 2 | H35: =0.58+8*$C35/1000 -> 0.708 | I35: =3.16 -> 3.16 | J35: =0.58+8*$C35/1000 -> 0.708 | L35: =SUM(H35:J35)+K35 -> 4.576 | M35: =+ROUND(IF(C35=8,PRODUCT(E35,F35,G35,L35),0),2) -> 0 | N35: =+ROUND(IF(C35=10,PRODUCT(E35,F35,G35,L35),0),2) -> 0 | O35: =+ROUND(IF(C35=12,PRODUCT(E35,F35,G35,L35),0),2) -> 0 | P35: =+ROUND(IF(C35=16,PRODUCT(E35,F35,G35,L35),0),2) -> 18.3 | Q35: =+ROUND(IF(C35=20,PRODUCT(E35,F35,G35,L35),0),2) -> 0 | R35: =+ROUND(IF(C35=25,PRODUCT(E35,F35,G35,L35),0),2) -> 0
B36: TOP | C36: 16 | E36: 2 | F36: 1 | G36: 2 | H36: =0.58+8*$C36/1000 -> 0.708 | I36: =3.16 -> 3.16 | J36: =0.58+8*$C36/1000 -> 0.708 | L36: =SUM(H36:J36)+K36 -> 4.576 | M36: =+ROUND(IF(C36=8,PRODUCT(E36,F36,G36,L36),0),2) -> 0 | N36: =+ROUND(IF(C36=10,PRODUCT(E36,F36,G36,L36),0),2) -> 0 | O36: =+ROUND(IF(C36=12,PRODUCT(E36,F36,G36,L36),0),2) -> 0 | P36: =+ROUND(IF(C36=16,PRODUCT(E36,F36,G36,L36),0),2) -> 18.3 | Q36: =+ROUND(IF(C36=20,PRODUCT(E36,F36,G36,L36),0),2) -> 0 | R36: =+ROUND(IF(C36=25,PRODUCT(E36,F36,G36,L36),0),2) -> 0
B37: TOP EXTRA | C37: 12 | E37: 2 | F37: 1 | G37: 2 | H37: =0.44+8*$C37/1000 -> 0.536 | I37: =3.16 -> 3.16 | L37: =SUM(H37:J37)+K37 -> 3.696 | M37: =+ROUND(IF(C37=8,PRODUCT(E37,F37,G37,L37),0),2) -> 0 | N37: =+ROUND(IF(C37=10,PRODUCT(E37,F37,G37,L37),0),2) -> 0 | O37: =+ROUND(IF(C37=12,PRODUCT(E37,F37,G37,L37),0),2) -> 14.78 | P37: =+ROUND(IF(C37=16,PRODUCT(E37,F37,G37,L37),0),2) -> 0 | Q37: =+ROUND(IF(C37=20,PRODUCT(E37,F37,G37,L37),0),2) -> 0 | R37: =+ROUND(IF(C37=25,PRODUCT(E37,F37,G37,L37),0),2) -> 0
B38: STIRRUPS | C38: 8 | D38: 100 | E38: 2 | F38: 1 | G38: =+ROUND(1.58/0.1,0) -> 16 | I38: =2*(0.18+0.3)+16*C38/1000 -> 1.088 | L38: =SUM(H38:J38)+K38 -> 1.088 | M38: =+ROUND(IF(C38=8,PRODUCT(E38,F38,G38,L38),0),2) -> 34.82 | N38: =+ROUND(IF(C38=10,PRODUCT(E38,F38,G38,L38),0),2) -> 0 | O38: =+ROUND(IF(C38=12,PRODUCT(E38,F38,G38,L38),0),2) -> 0 | P38: =+ROUND(IF(C38=16,PRODUCT(E38,F38,G38,L38),0),2) -> 0 | Q38: =+ROUND(IF(C38=20,PRODUCT(E38,F38,G38,L38),0),2) -> 0 | R38: =+ROUND(IF(C38=25,PRODUCT(E38,F38,G38,L38),0),2) -> 0
C39: 8 | D39: 150 | E39: 2 | F39: 1 | G39: =+ROUND(1.58/0.15+1,0) -> 12 | I39: =2*(0.18+0.3)+16*C39/1000 -> 1.088 | L39: =SUM(H39:J39)+K39 -> 1.088 | M39: =+ROUND(IF(C39=8,PRODUCT(E39,F39,G39,L39),0),2) -> 26.11 | N39: =+ROUND(IF(C39=10,PRODUCT(E39,F39,G39,L39),0),2) -> 0 | O39: =+ROUND(IF(C39=12,PRODUCT(E39,F39,G39,L39),0),2) -> 0 | P39: =+ROUND(IF(C39=16,PRODUCT(E39,F39,G39,L39),0),2) -> 0 | Q39: =+ROUND(IF(C39=20,PRODUCT(E39,F39,G39,L39),0),2) -> 0 | R39: =+ROUND(IF(C39=25,PRODUCT(E39,F39,G39,L39),0),2) -> 0
A40: 200X450 | B40: B7 | L40: =SUM(H40:J40)+K40 -> 0 | M40: =+ROUND(IF(C40=8,PRODUCT(E40,F40,G40,L40),0),2) -> 0 | N40: =+ROUND(IF(C40=10,PRODUCT(E40,F40,G40,L40),0),2) -> 0 | O40: =+ROUND(IF(C40=12,PRODUCT(E40,F40,G40,L40),0),2) -> 0 | P40: =+ROUND(IF(C40=16,PRODUCT(E40,F40,G40,L40),0),2) -> 0 | Q40: =+ROUND(IF(C40=20,PRODUCT(E40,F40,G40,L40),0),2) -> 0 | R40: =+ROUND(IF(C40=25,PRODUCT(E40,F40,G40,L40),0),2) -> 0
B41: BOTTOM | C41: 16 | E41: 2 | F41: 1 | G41: 2 | H41: =((0.79)/3)+0.1 -> 0.36333333 | I41: 2.7 | J41: =0.58+8*$C41/1000 -> 0.708 | L41: =SUM(H41:J41)+K41 -> 3.7713333 | M41: =+ROUND(IF(C41=8,PRODUCT(E41,F41,G41,L41),0),2) -> 0 | N41: =+ROUND(IF(C41=10,PRODUCT(E41,F41,G41,L41),0),2) -> 0 | O41: =+ROUND(IF(C41=12,PRODUCT(E41,F41,G41,L41),0),2) -> 0 | P41: =+ROUND(IF(C41=16,PRODUCT(E41,F41,G41,L41),0),2) -> 15.09 | Q41: =+ROUND(IF(C41=20,PRODUCT(E41,F41,G41,L41),0),2) -> 0 | R41: =+ROUND(IF(C41=25,PRODUCT(E41,F41,G41,L41),0),2) -> 0
B42: TOP | C42: 16 | E42: 2 | F42: 1 | G42: 2 | H42: =((0.79)/3)+0.1 -> 0.36333333 | I42: 2.7 | J42: =0.58+8*$C42/1000 -> 0.708 | L42: =SUM(H42:J42)+K42 -> 3.7713333 | M42: =+ROUND(IF(C42=8,PRODUCT(E42,F42,G42,L42),0),2) -> 0 | N42: =+ROUND(IF(C42=10,PRODUCT(E42,F42,G42,L42),0),2) -> 0 | O42: =+ROUND(IF(C42=12,PRODUCT(E42,F42,G42,L42),0),2) -> 0 | P42: =+ROUND(IF(C42=16,PRODUCT(E42,F42,G42,L42),0),2) -> 15.09 | Q42: =+ROUND(IF(C42=20,PRODUCT(E42,F42,G42,L42),0),2) -> 0 | R42: =+ROUND(IF(C42=25,PRODUCT(E42,F42,G42,L42),0),2) -> 0
B43: STIRRUPS | C43: 8 | D43: 100 | E43: 2 | F43: 1 | G43: =+ROUND(1.8/0.1,0) -> 18 | I43: =2*(0.15+0.4)+16*C43/1000 -> 1.228 | L43: =SUM(H43:J43)+K43 -> 1.228 | M43: =+ROUND(IF(C43=8,PRODUCT(E43,F43,G43,L43),0),2) -> 44.21 | N43: =+ROUND(IF(C43=10,PRODUCT(E43,F43,G43,L43),0),2) -> 0 | O43: =+ROUND(IF(C43=12,PRODUCT(E43,F43,G43,L43),0),2) -> 0 | P43: =+ROUND(IF(C43=16,PRODUCT(E43,F43,G43,L43),0),2) -> 0 | Q43: =+ROUND(IF(C43=20,PRODUCT(E43,F43,G43,L43),0),2) -> 0 | R43: =+ROUND(IF(C43=25,PRODUCT(E43,F43,G43,L43),0),2) -> 0
C44: 8 | D44: 150 | E44: 2 | F44: 1 | G44: =+ROUND(0.9/0.15+1,0) -> 7 | I44: =2*(0.15+0.4)+16*C44/1000 -> 1.228 | L44: =SUM(H44:J44)+K44 -> 1.228 | M44: =+ROUND(IF(C44=8,PRODUCT(E44,F44,G44,L44),0),2) -> 17.19 | N44: =+ROUND(IF(C44=10,PRODUCT(E44,F44,G44,L44),0),2) -> 0 | O44: =+ROUND(IF(C44=12,PRODUCT(E44,F44,G44,L44),0),2) -> 0 | P44: =+ROUND(IF(C44=16,PRODUCT(E44,F44,G44,L44),0),2) -> 0 | Q44: =+ROUND(IF(C44=20,PRODUCT(E44,F44,G44,L44),0),2) -> 0 | R44: =+ROUND(IF(C44=25,PRODUCT(E44,F44,G44,L44),0),2) -> 0
A45: 200X500 | B45: B8 | L45: =SUM(H45:J45)+K45 -> 0 | M45: =+ROUND(IF(C45=8,PRODUCT(E45,F45,G45,L45),0),2) -> 0 | N45: =+ROUND(IF(C45=10,PRODUCT(E45,F45,G45,L45),0),2) -> 0 | O45: =+ROUND(IF(C45=12,PRODUCT(E45,F45,G45,L45),0),2) -> 0 | P45: =+ROUND(IF(C45=16,PRODUCT(E45,F45,G45,L45),0),2) -> 0 | Q45: =+ROUND(IF(C45=20,PRODUCT(E45,F45,G45,L45),0),2) -> 0 | R45: =+ROUND(IF(C45=25,PRODUCT(E45,F45,G45,L45),0),2) -> 0
B46: BOTTOM | C46: 16 | E46: 2 | F46: 1 | G46: 2 | H46: =0.58+8*$C46/1000 -> 0.708 | I46: 2.875 | J46: =0.58+8*$C46/1000 -> 0.708 | L46: =SUM(H46:J46)+K46 -> 4.291 | M46: =+ROUND(IF(C46=8,PRODUCT(E46,F46,G46,L46),0),2) -> 0 | N46: =+ROUND(IF(C46=10,PRODUCT(E46,F46,G46,L46),0),2) -> 0 | O46: =+ROUND(IF(C46=12,PRODUCT(E46,F46,G46,L46),0),2) -> 0 | P46: =+ROUND(IF(C46=16,PRODUCT(E46,F46,G46,L46),0),2) -> 17.16 | Q46: =+ROUND(IF(C46=20,PRODUCT(E46,F46,G46,L46),0),2) -> 0 | R46: =+ROUND(IF(C46=25,PRODUCT(E46,F46,G46,L46),0),2) -> 0
B47: BOTTOM | C47: 16 | E47: 2 | F47: 1 | G47: 2 | H47: 0.58 | I47: 2.93 | J47: =((0.79)/3)+0.1 -> 0.36333333 | L47: =SUM(H47:J47)+K47 -> 3.8733333 | M47: =+ROUND(IF(C47=8,PRODUCT(E47,F47,G47,L47),0),2) -> 0 | N47: =+ROUND(IF(C47=10,PRODUCT(E47,F47,G47,L47),0),2) -> 0 | O47: =+ROUND(IF(C47=12,PRODUCT(E47,F47,G47,L47),0),2) -> 0 | P47: =+ROUND(IF(C47=16,PRODUCT(E47,F47,G47,L47),0),2) -> 15.49 | Q47: =+ROUND(IF(C47=20,PRODUCT(E47,F47,G47,L47),0),2) -> 0 | R47: =+ROUND(IF(C47=25,PRODUCT(E47,F47,G47,L47),0),2) -> 0
B48: TOP | C48: 16 | E48: 2 | F48: 1 | G48: 2 | H48: =0.58+8*$C48/1000 -> 0.708 | I48: 6.405 | J48: =((0.79)/3)+0.1 -> 0.36333333 | L48: =SUM(H48:J48)+K48 -> 7.4763333 | M48: =+ROUND(IF(C48=8,PRODUCT(E48,F48,G48,L48),0),2) -> 0 | N48: =+ROUND(IF(C48=10,PRODUCT(E48,F48,G48,L48),0),2) -> 0 | O48: =+ROUND(IF(C48=12,PRODUCT(E48,F48,G48,L48),0),2) -> 0 | P48: =+ROUND(IF(C48=16,PRODUCT(E48,F48,G48,L48),0),2) -> 29.91 | Q48: =+ROUND(IF(C48=20,PRODUCT(E48,F48,G48,L48),0),2) -> 0 | R48: =+ROUND(IF(C48=25,PRODUCT(E48,F48,G48,L48),0),2) -> 0
B49: STIRRUPS 200X500 | C49: 8 | D49: 100 | E49: 2 | F49: 1 | G49: =+ROUND(2/0.1,0) -> 20 | I49: =2*(0.15+0.45)+16*C49/1000 -> 1.328 | L49: =SUM(H49:J49)+K49 -> 1.328 | M49: =+ROUND(IF(C49=8,PRODUCT(E49,F49,G49,L49),0),2) -> 53.12 | N49: =+ROUND(IF(C49=10,PRODUCT(E49,F49,G49,L49),0),2) -> 0 | O49: =+ROUND(IF(C49=12,PRODUCT(E49,F49,G49,L49),0),2) -> 0 | P49: =+ROUND(IF(C49=16,PRODUCT(E49,F49,G49,L49),0),2) -> 0 | Q49: =+ROUND(IF(C49=20,PRODUCT(E49,F49,G49,L49),0),2) -> 0 | R49: =+ROUND(IF(C49=25,PRODUCT(E49,F49,G49,L49),0),2) -> 0
C50: 8 | D50: 150 | E50: 2 | F50: 1 | G50: =+ROUND(0.875/0.15+1,0) -> 7 | I50: =2*(0.15+0.45)+16*C50/1000 -> 1.328 | L50: =SUM(H50:J50)+K50 -> 1.328 | M50: =+ROUND(IF(C50=8,PRODUCT(E50,F50,G50,L50),0),2) -> 18.59 | N50: =+ROUND(IF(C50=10,PRODUCT(E50,F50,G50,L50),0),2) -> 0 | O50: =+ROUND(IF(C50=12,PRODUCT(E50,F50,G50,L50),0),2) -> 0 | P50: =+ROUND(IF(C50=16,PRODUCT(E50,F50,G50,L50),0),2) -> 0 | Q50: =+ROUND(IF(C50=20,PRODUCT(E50,F50,G50,L50),0),2) -> 0 | R50: =+ROUND(IF(C50=25,PRODUCT(E50,F50,G50,L50),0),2) -> 0
B51: STIRRUPS 200X350 | C51: 8 | D51: 100 | E51: 2 | F51: 1 | G51: =+ROUND(2/0.1,0) -> 20 | I51: =2*(0.15+0.45)+16*C51/1000 -> 1.328 | L51: =SUM(H51:J51)+K51 -> 1.328 | M51: =+ROUND(IF(C51=8,PRODUCT(E51,F51,G51,L51),0),2) -> 53.12 | N51: =+ROUND(IF(C51=10,PRODUCT(E51,F51,G51,L51),0),2) -> 0 | O51: =+ROUND(IF(C51=12,PRODUCT(E51,F51,G51,L51),0),2) -> 0 | P51: =+ROUND(IF(C51=16,PRODUCT(E51,F51,G51,L51),0),2) -> 0 | Q51: =+ROUND(IF(C51=20,PRODUCT(E51,F51,G51,L51),0),2) -> 0 | R51: =+ROUND(IF(C51=25,PRODUCT(E51,F51,G51,L51),0),2) -> 0
C52: 8 | D52: 150 | E52: 2 | F52: 1 | G52: =+ROUND(0.93/0.15+1,0) -> 7 | I52: =2*(0.15+0.45)+16*C52/1000 -> 1.328 | L52: =SUM(H52:J52)+K52 -> 1.328 | M52: =+ROUND(IF(C52=8,PRODUCT(E52,F52,G52,L52),0),2) -> 18.59 | N52: =+ROUND(IF(C52=10,PRODUCT(E52,F52,G52,L52),0),2) -> 0 | O52: =+ROUND(IF(C52=12,PRODUCT(E52,F52,G52,L52),0),2) -> 0 | P52: =+ROUND(IF(C52=16,PRODUCT(E52,F52,G52,L52),0),2) -> 0 | Q52: =+ROUND(IF(C52=20,PRODUCT(E52,F52,G52,L52),0),2) -> 0 | R52: =+ROUND(IF(C52=25,PRODUCT(E52,F52,G52,L52),0),2) -> 0
A53: 200X500 | B53: B9 | L53: =SUM(H53:J53)+K53 -> 0 | M53: =+ROUND(IF(C53=8,PRODUCT(E53,F53,G53,L53),0),2) -> 0 | N53: =+ROUND(IF(C53=10,PRODUCT(E53,F53,G53,L53),0),2) -> 0 | O53: =+ROUND(IF(C53=12,PRODUCT(E53,F53,G53,L53),0),2) -> 0 | P53: =+ROUND(IF(C53=16,PRODUCT(E53,F53,G53,L53),0),2) -> 0 | Q53: =+ROUND(IF(C53=20,PRODUCT(E53,F53,G53,L53),0),2) -> 0 | R53: =+ROUND(IF(C53=25,PRODUCT(E53,F53,G53,L53),0),2) -> 0
B54: BOTTOM | C54: 16 | E54: 2 | F54: 1 | G54: 2 | H54: =0.58+8*$C54/1000 -> 0.708 | I54: 4.69 | J54: =0.58+8*$C54/1000 -> 0.708 | L54: =SUM(H54:J54)+K54 -> 6.106 | M54: =+ROUND(IF(C54=8,PRODUCT(E54,F54,G54,L54),0),2) -> 0 | N54: =+ROUND(IF(C54=10,PRODUCT(E54,F54,G54,L54),0),2) -> 0 | O54: =+ROUND(IF(C54=12,PRODUCT(E54,F54,G54,L54),0),2) -> 0 | P54: =+ROUND(IF(C54=16,PRODUCT(E54,F54,G54,L54),0),2) -> 24.42 | Q54: =+ROUND(IF(C54=20,PRODUCT(E54,F54,G54,L54),0),2) -> 0 | R54: =+ROUND(IF(C54=25,PRODUCT(E54,F54,G54,L54),0),2) -> 0
B55: TOP | C55: 16 | E55: 2 | F55: 1 | G55: 2 | H55: =0.58+8*$C55/1000 -> 0.708 | I55: 4.69 | J55: =0.58+8*$C55/1000 -> 0.708 | L55: =SUM(H55:J55)+K55 -> 6.106 | M55: =+ROUND(IF(C55=8,PRODUCT(E55,F55,G55,L55),0),2) -> 0 | N55: =+ROUND(IF(C55=10,PRODUCT(E55,F55,G55,L55),0),2) -> 0 | O55: =+ROUND(IF(C55=12,PRODUCT(E55,F55,G55,L55),0),2) -> 0 | P55: =+ROUND(IF(C55=16,PRODUCT(E55,F55,G55,L55),0),2) -> 24.42 | Q55: =+ROUND(IF(C55=20,PRODUCT(E55,F55,G55,L55),0),2) -> 0 | R55: =+ROUND(IF(C55=25,PRODUCT(E55,F55,G55,L55),0),2) -> 0
B56: BOTTOM EXTRA | C56: 12 | E56: 2 | F56: 1 | G56: 2 | I56: =4.69-1.4 -> 3.29 | L56: =SUM(H56:J56)+K56 -> 3.29 | M56: =+ROUND(IF(C56=8,PRODUCT(E56,F56,G56,L56),0),2) -> 0 | N56: =+ROUND(IF(C56=10,PRODUCT(E56,F56,G56,L56),0),2) -> 0 | O56: =+ROUND(IF(C56=12,PRODUCT(E56,F56,G56,L56),0),2) -> 13.16 | P56: =+ROUND(IF(C56=16,PRODUCT(E56,F56,G56,L56),0),2) -> 0 | Q56: =+ROUND(IF(C56=20,PRODUCT(E56,F56,G56,L56),0),2) -> 0 | R56: =+ROUND(IF(C56=25,PRODUCT(E56,F56,G56,L56),0),2) -> 0
B57: TOP EXTRA | C57: 16 | E57: 2 | F57: 1 | G57: 4 | H57: =0.58+8*$C57/1000 -> 0.708 | I57: =1.4 -> 1.4 | L57: =SUM(H57:J57)+K57 -> 2.108 | M57: =+ROUND(IF(C57=8,PRODUCT(E57,F57,G57,L57),0),2) -> 0 | N57: =+ROUND(IF(C57=10,PRODUCT(E57,F57,G57,L57),0),2) -> 0 | O57: =+ROUND(IF(C57=12,PRODUCT(E57,F57,G57,L57),0),2) -> 0 | P57: =+ROUND(IF(C57=16,PRODUCT(E57,F57,G57,L57),0),2) -> 16.86 | Q57: =+ROUND(IF(C57=20,PRODUCT(E57,F57,G57,L57),0),2) -> 0 | R57: =+ROUND(IF(C57=25,PRODUCT(E57,F57,G57,L57),0),2) -> 0
B58: STIRRUPS | C58: 8 | D58: 100 | E58: 2 | F58: 1 | G58: =+ROUND(2.345/0.1,0) -> 23 | I58: =2*(0.15+0.45)+16*C58/1000 -> 1.328 | L58: =SUM(H58:J58)+K58 -> 1.328 | M58: =+ROUND(IF(C58=8,PRODUCT(E58,F58,G58,L58),0),2) -> 61.09 | N58: =+ROUND(IF(C58=10,PRODUCT(E58,F58,G58,L58),0),2) -> 0 | O58: =+ROUND(IF(C58=12,PRODUCT(E58,F58,G58,L58),0),2) -> 0 | P58: =+ROUND(IF(C58=16,PRODUCT(E58,F58,G58,L58),0),2) -> 0 | Q58: =+ROUND(IF(C58=20,PRODUCT(E58,F58,G58,L58),0),2) -> 0 | R58: =+ROUND(IF(C58=25,PRODUCT(E58,F58,G58,L58),0),2) -> 0
C59: 8 | D59: 150 | E59: 2 | F59: 1 | G59: =+ROUND(2.345/0.15+1,0) -> 17 | I59: =2*(0.15+0.45)+16*C59/1000 -> 1.328 | L59: =SUM(H59:J59)+K59 -> 1.328 | M59: =+ROUND(IF(C59=8,PRODUCT(E59,F59,G59,L59),0),2) -> 45.15 | N59: =+ROUND(IF(C59=10,PRODUCT(E59,F59,G59,L59),0),2) -> 0 | O59: =+ROUND(IF(C59=12,PRODUCT(E59,F59,G59,L59),0),2) -> 0 | P59: =+ROUND(IF(C59=16,PRODUCT(E59,F59,G59,L59),0),2) -> 0 | Q59: =+ROUND(IF(C59=20,PRODUCT(E59,F59,G59,L59),0),2) -> 0 | R59: =+ROUND(IF(C59=25,PRODUCT(E59,F59,G59,L59),0),2) -> 0
A60: 200X500 | B60: B10 | L60: =SUM(H60:J60)+K60 -> 0 | M60: =+ROUND(IF(C60=8,PRODUCT(E60,F60,G60,L60),0),2) -> 0 | N60: =+ROUND(IF(C60=10,PRODUCT(E60,F60,G60,L60),0),2) -> 0 | O60: =+ROUND(IF(C60=12,PRODUCT(E60,F60,G60,L60),0),2) -> 0 | P60: =+ROUND(IF(C60=16,PRODUCT(E60,F60,G60,L60),0),2) -> 0 | Q60: =+ROUND(IF(C60=20,PRODUCT(E60,F60,G60,L60),0),2) -> 0 | R60: =+ROUND(IF(C60=25,PRODUCT(E60,F60,G60,L60),0),2) -> 0
B61: BOTTOM | C61: 20 | E61: 2 | F61: 0.5 | G61: 2 | H61: =((0.98)/3)+0.1 -> 0.42666667 | I61: 6.3 | J61: =((0.98)/3)+0.1 -> 0.42666667 | L61: =SUM(H61:J61)+K61 -> 7.1533333 | M61: =+ROUND(IF(C61=8,PRODUCT(E61,F61,G61,L61),0),2) -> 0 | N61: =+ROUND(IF(C61=10,PRODUCT(E61,F61,G61,L61),0),2) -> 0 | O61: =+ROUND(IF(C61=12,PRODUCT(E61,F61,G61,L61),0),2) -> 0 | P61: =+ROUND(IF(C61=16,PRODUCT(E61,F61,G61,L61),0),2) -> 0 | Q61: =+ROUND(IF(C61=20,PRODUCT(E61,F61,G61,L61),0),2) -> 14.31 | R61: =+ROUND(IF(C61=25,PRODUCT(E61,F61,G61,L61),0),2) -> 0
B62: TOP | C62: 25 | E62: 2 | F62: 0.5 | G62: 2 | H62: =((1.225)/3)+0.1 -> 0.50833333 | I62: 6.3 | J62: =((1.225)/3)+0.1 -> 0.50833333 | L62: =SUM(H62:J62)+K62 -> 7.3166667 | M62: =+ROUND(IF(C62=8,PRODUCT(E62,F62,G62,L62),0),2) -> 0 | N62: =+ROUND(IF(C62=10,PRODUCT(E62,F62,G62,L62),0),2) -> 0 | O62: =+ROUND(IF(C62=12,PRODUCT(E62,F62,G62,L62),0),2) -> 0 | P62: =+ROUND(IF(C62=16,PRODUCT(E62,F62,G62,L62),0),2) -> 0 | Q62: =+ROUND(IF(C62=20,PRODUCT(E62,F62,G62,L62),0),2) -> 0 | R62: =+ROUND(IF(C62=25,PRODUCT(E62,F62,G62,L62),0),2) -> 14.63
B63: BOTTOM EXTRA | C63: 12 | E63: 2 | F63: 0.5 | G63: 2 | I63: =6.3-1.2 -> 5.1 | L63: =SUM(H63:J63)+K63 -> 5.1 | M63: =+ROUND(IF(C63=8,PRODUCT(E63,F63,G63,L63),0),2) -> 0 | N63: =+ROUND(IF(C63=10,PRODUCT(E63,F63,G63,L63),0),2) -> 0 | O63: =+ROUND(IF(C63=12,PRODUCT(E63,F63,G63,L63),0),2) -> 10.2 | P63: =+ROUND(IF(C63=16,PRODUCT(E63,F63,G63,L63),0),2) -> 0 | Q63: =+ROUND(IF(C63=20,PRODUCT(E63,F63,G63,L63),0),2) -> 0 | R63: =+ROUND(IF(C63=25,PRODUCT(E63,F63,G63,L63),0),2) -> 0
B64: STIRRUPS 200X500 | C64: 8 | D64: 100 | E64: 2 | F64: 0.5 | G64: =+ROUND(3.15/0.1,0) -> 32 | I64: =2*(0.15+0.45)+16*C64/1000 -> 1.328 | L64: =SUM(H64:J64)+K64 -> 1.328 | M64: =+ROUND(IF(C64=8,PRODUCT(E64,F64,G64,L64),0),2) -> 42.5 | N64: =+ROUND(IF(C64=10,PRODUCT(E64,F64,G64,L64),0),2) -> 0 | O64: =+ROUND(IF(C64=12,PRODUCT(E64,F64,G64,L64),0),2) -> 0 | P64: =+ROUND(IF(C64=16,PRODUCT(E64,F64,G64,L64),0),2) -> 0 | Q64: =+ROUND(IF(C64=20,PRODUCT(E64,F64,G64,L64),0),2) -> 0 | R64: =+ROUND(IF(C64=25,PRODUCT(E64,F64,G64,L64),0),2) -> 0
C65: 8 | D65: 150 | E65: 2 | F65: 0.5 | G65: =+ROUND(3.15/0.15+1,0) -> 22 | I65: =2*(0.15+0.45)+16*C65/1000 -> 1.328 | L65: =SUM(H65:J65)+K65 -> 1.328 | M65: =+ROUND(IF(C65=8,PRODUCT(E65,F65,G65,L65),0),2) -> 29.22 | N65: =+ROUND(IF(C65=10,PRODUCT(E65,F65,G65,L65),0),2) -> 0 | O65: =+ROUND(IF(C65=12,PRODUCT(E65,F65,G65,L65),0),2) -> 0 | P65: =+ROUND(IF(C65=16,PRODUCT(E65,F65,G65,L65),0),2) -> 0 | Q65: =+ROUND(IF(C65=20,PRODUCT(E65,F65,G65,L65),0),2) -> 0 | R65: =+ROUND(IF(C65=25,PRODUCT(E65,F65,G65,L65),0),2) -> 0
A66: 200X450 | B66: B11, B22 | L66: =SUM(H66:J66)+K66 -> 0 | M66: =+ROUND(IF(C66=8,PRODUCT(E66,F66,G66,L66),0),2) -> 0 | N66: =+ROUND(IF(C66=10,PRODUCT(E66,F66,G66,L66),0),2) -> 0 | O66: =+ROUND(IF(C66=12,PRODUCT(E66,F66,G66,L66),0),2) -> 0 | P66: =+ROUND(IF(C66=16,PRODUCT(E66,F66,G66,L66),0),2) -> 0 | Q66: =+ROUND(IF(C66=20,PRODUCT(E66,F66,G66,L66),0),2) -> 0 | R66: =+ROUND(IF(C66=25,PRODUCT(E66,F66,G66,L66),0),2) -> 0
B67: BOTTOM | C67: 16 | E67: 4 | F67: 1 | G67: 2 | H67: =0.58+8*$C67/1000 -> 0.708 | I67: 4.69 | J67: =0.58+8*$C67/1000 -> 0.708 | L67: =SUM(H67:J67)+K67 -> 6.106 | M67: =+ROUND(IF(C67=8,PRODUCT(E67,F67,G67,L67),0),2) -> 0 | N67: =+ROUND(IF(C67=10,PRODUCT(E67,F67,G67,L67),0),2) -> 0 | O67: =+ROUND(IF(C67=12,PRODUCT(E67,F67,G67,L67),0),2) -> 0 | P67: =+ROUND(IF(C67=16,PRODUCT(E67,F67,G67,L67),0),2) -> 48.85 | Q67: =+ROUND(IF(C67=20,PRODUCT(E67,F67,G67,L67),0),2) -> 0 | R67: =+ROUND(IF(C67=25,PRODUCT(E67,F67,G67,L67),0),2) -> 0
B68: TOP | C68: 16 | E68: 4 | F68: 1 | G68: 2 | H68: =0.58+8*$C68/1000 -> 0.708 | I68: 4.69 | J68: =0.58+8*$C68/1000 -> 0.708 | L68: =SUM(H68:J68)+K68 -> 6.106 | M68: =+ROUND(IF(C68=8,PRODUCT(E68,F68,G68,L68),0),2) -> 0 | N68: =+ROUND(IF(C68=10,PRODUCT(E68,F68,G68,L68),0),2) -> 0 | O68: =+ROUND(IF(C68=12,PRODUCT(E68,F68,G68,L68),0),2) -> 0 | P68: =+ROUND(IF(C68=16,PRODUCT(E68,F68,G68,L68),0),2) -> 48.85 | Q68: =+ROUND(IF(C68=20,PRODUCT(E68,F68,G68,L68),0),2) -> 0 | R68: =+ROUND(IF(C68=25,PRODUCT(E68,F68,G68,L68),0),2) -> 0
B69: BOTTOM EXTRA | C69: 12 | E69: 4 | F69: 1 | G69: 2 | I69: =4.69-0.9 -> 3.79 | L69: =SUM(H69:J69)+K69 -> 3.79 | M69: =+ROUND(IF(C69=8,PRODUCT(E69,F69,G69,L69),0),2) -> 0 | N69: =+ROUND(IF(C69=10,PRODUCT(E69,F69,G69,L69),0),2) -> 0 | O69: =+ROUND(IF(C69=12,PRODUCT(E69,F69,G69,L69),0),2) -> 30.32 | P69: =+ROUND(IF(C69=16,PRODUCT(E69,F69,G69,L69),0),2) -> 0 | Q69: =+ROUND(IF(C69=20,PRODUCT(E69,F69,G69,L69),0),2) -> 0 | R69: =+ROUND(IF(C69=25,PRODUCT(E69,F69,G69,L69),0),2) -> 0
B70: TOP EXTRA | C70: 12 | E70: 4 | F70: 1 | G70: 4 | H70: =0.44+8*$C70/1000 -> 0.536 | I70: 1.4 | L70: =SUM(H70:J70)+K70 -> 1.936 | M70: =+ROUND(IF(C70=8,PRODUCT(E70,F70,G70,L70),0),2) -> 0 | N70: =+ROUND(IF(C70=10,PRODUCT(E70,F70,G70,L70),0),2) -> 0 | O70: =+ROUND(IF(C70=12,PRODUCT(E70,F70,G70,L70),0),2) -> 30.98 | P70: =+ROUND(IF(C70=16,PRODUCT(E70,F70,G70,L70),0),2) -> 0 | Q70: =+ROUND(IF(C70=20,PRODUCT(E70,F70,G70,L70),0),2) -> 0 | R70: =+ROUND(IF(C70=25,PRODUCT(E70,F70,G70,L70),0),2) -> 0
B71: STIRRUPS | C71: 8 | D71: 100 | E71: 4 | F71: 1 | G71: =+ROUND(2.345/0.1,0) -> 23 | I71: =2*(0.15+0.45)+16*C71/1000 -> 1.328 | L71: =SUM(H71:J71)+K71 -> 1.328 | M71: =+ROUND(IF(C71=8,PRODUCT(E71,F71,G71,L71),0),2) -> 122.18 | N71: =+ROUND(IF(C71=10,PRODUCT(E71,F71,G71,L71),0),2) -> 0 | O71: =+ROUND(IF(C71=12,PRODUCT(E71,F71,G71,L71),0),2) -> 0 | P71: =+ROUND(IF(C71=16,PRODUCT(E71,F71,G71,L71),0),2) -> 0 | Q71: =+ROUND(IF(C71=20,PRODUCT(E71,F71,G71,L71),0),2) -> 0 | R71: =+ROUND(IF(C71=25,PRODUCT(E71,F71,G71,L71),0),2) -> 0
C72: 8 | D72: 150 | E72: 4 | F72: 1 | G72: =+ROUND(2.345/0.15+1,0) -> 17 | I72: =2*(0.15+0.45)+16*C72/1000 -> 1.328 | L72: =SUM(H72:J72)+K72 -> 1.328 | M72: =+ROUND(IF(C72=8,PRODUCT(E72,F72,G72,L72),0),2) -> 90.3 | N72: =+ROUND(IF(C72=10,PRODUCT(E72,F72,G72,L72),0),2) -> 0 | O72: =+ROUND(IF(C72=12,PRODUCT(E72,F72,G72,L72),0),2) -> 0 | P72: =+ROUND(IF(C72=16,PRODUCT(E72,F72,G72,L72),0),2) -> 0 | Q72: =+ROUND(IF(C72=20,PRODUCT(E72,F72,G72,L72),0),2) -> 0 | R72: =+ROUND(IF(C72=25,PRODUCT(E72,F72,G72,L72),0),2) -> 0
A73: 200X450 | B73: B12 | L73: =SUM(H73:J73)+K73 -> 0 | M73: =+ROUND(IF(C73=8,PRODUCT(E73,F73,G73,L73),0),2) -> 0 | N73: =+ROUND(IF(C73=10,PRODUCT(E73,F73,G73,L73),0),2) -> 0 | O73: =+ROUND(IF(C73=12,PRODUCT(E73,F73,G73,L73),0),2) -> 0 | P73: =+ROUND(IF(C73=16,PRODUCT(E73,F73,G73,L73),0),2) -> 0 | Q73: =+ROUND(IF(C73=20,PRODUCT(E73,F73,G73,L73),0),2) -> 0 | R73: =+ROUND(IF(C73=25,PRODUCT(E73,F73,G73,L73),0),2) -> 0
B74: BOTTOM | C74: 16 | E74: 2 | F74: 0.5 | G74: 2 | H74: =0.58+8*$C74/1000 -> 0.708 | I74: 11.75 | J74: =0.58+8*$C74/1000 -> 0.708 | K74: 0.79 | L74: =SUM(H74:J74)+K74 -> 13.956 | M74: =+ROUND(IF(C74=8,PRODUCT(E74,F74,G74,L74),0),2) -> 0 | N74: =+ROUND(IF(C74=10,PRODUCT(E74,F74,G74,L74),0),2) -> 0 | O74: =+ROUND(IF(C74=12,PRODUCT(E74,F74,G74,L74),0),2) -> 0 | P74: =+ROUND(IF(C74=16,PRODUCT(E74,F74,G74,L74),0),2) -> 27.91 | Q74: =+ROUND(IF(C74=20,PRODUCT(E74,F74,G74,L74),0),2) -> 0 | R74: =+ROUND(IF(C74=25,PRODUCT(E74,F74,G74,L74),0),2) -> 0
B75: TOP | C75: 16 | E75: 2 | F75: 0.5 | G75: 2 | H75: =0.58+8*$C75/1000 -> 0.708 | I75: 11.75 | J75: =0.58+8*$C75/1000 -> 0.708 | K75: 0.79 | L75: =SUM(H75:J75)+K75 -> 13.956 | M75: =+ROUND(IF(C75=8,PRODUCT(E75,F75,G75,L75),0),2) -> 0 | N75: =+ROUND(IF(C75=10,PRODUCT(E75,F75,G75,L75),0),2) -> 0 | O75: =+ROUND(IF(C75=12,PRODUCT(E75,F75,G75,L75),0),2) -> 0 | P75: =+ROUND(IF(C75=16,PRODUCT(E75,F75,G75,L75),0),2) -> 27.91 | Q75: =+ROUND(IF(C75=20,PRODUCT(E75,F75,G75,L75),0),2) -> 0 | R75: =+ROUND(IF(C75=25,PRODUCT(E75,F75,G75,L75),0),2) -> 0
B76: BOTTOM EXTRA | C76: 12 | E76: 2 | F76: 0.5 | G76: 4 | I76: =5.76-0.55-0.85 -> 4.36 | L76: =SUM(H76:J76)+K76 -> 4.36 | M76: =+ROUND(IF(C76=8,PRODUCT(E76,F76,G76,L76),0),2) -> 0 | N76: =+ROUND(IF(C76=10,PRODUCT(E76,F76,G76,L76),0),2) -> 0 | O76: =+ROUND(IF(C76=12,PRODUCT(E76,F76,G76,L76),0),2) -> 17.44 | P76: =+ROUND(IF(C76=16,PRODUCT(E76,F76,G76,L76),0),2) -> 0 | Q76: =+ROUND(IF(C76=20,PRODUCT(E76,F76,G76,L76),0),2) -> 0 | R76: =+ROUND(IF(C76=25,PRODUCT(E76,F76,G76,L76),0),2) -> 0
B77: TOP EXTRA | C77: 12 | E77: 2 | F77: 0.5 | G77: 2 | I77: =1.8+1.8+0.23 -> 3.83 | L77: =SUM(H77:J77)+K77 -> 3.83 | M77: =+ROUND(IF(C77=8,PRODUCT(E77,F77,G77,L77),0),2) -> 0 | N77: =+ROUND(IF(C77=10,PRODUCT(E77,F77,G77,L77),0),2) -> 0 | O77: =+ROUND(IF(C77=12,PRODUCT(E77,F77,G77,L77),0),2) -> 7.66 | P77: =+ROUND(IF(C77=16,PRODUCT(E77,F77,G77,L77),0),2) -> 0 | Q77: =+ROUND(IF(C77=20,PRODUCT(E77,F77,G77,L77),0),2) -> 0 | R77: =+ROUND(IF(C77=25,PRODUCT(E77,F77,G77,L77),0),2) -> 0
B78: TOP EXTRA | C78: 12 | E78: 2 | F78: 0.5 | G78: 4 | H78: =0.44+8*$C78/1000 -> 0.536 | I78: =1.8 -> 1.8 | L78: =SUM(H78:J78)+K78 -> 2.336 | M78: =+ROUND(IF(C78=8,PRODUCT(E78,F78,G78,L78),0),2) -> 0 | N78: =+ROUND(IF(C78=10,PRODUCT(E78,F78,G78,L78),0),2) -> 0 | O78: =+ROUND(IF(C78=12,PRODUCT(E78,F78,G78,L78),0),2) -> 9.34 | P78: =+ROUND(IF(C78=16,PRODUCT(E78,F78,G78,L78),0),2) -> 0 | Q78: =+ROUND(IF(C78=20,PRODUCT(E78,F78,G78,L78),0),2) -> 0 | R78: =+ROUND(IF(C78=25,PRODUCT(E78,F78,G78,L78),0),2) -> 0
B79: STIRRUPS | C79: 8 | D79: 100 | E79: 2 | F79: 0.5 | G79: =+ROUND(2.89/0.1,0)*2 -> 58 | I79: =2*(0.15+0.4)+16*C79/1000 -> 1.228 | L79: =SUM(H79:J79)+K79 -> 1.228 | M79: =+ROUND(IF(C79=8,PRODUCT(E79,F79,G79,L79),0),2) -> 71.22 | N79: =+ROUND(IF(C79=10,PRODUCT(E79,F79,G79,L79),0),2) -> 0 | O79: =+ROUND(IF(C79=12,PRODUCT(E79,F79,G79,L79),0),2) -> 0 | P79: =+ROUND(IF(C79=16,PRODUCT(E79,F79,G79,L79),0),2) -> 0 | Q79: =+ROUND(IF(C79=20,PRODUCT(E79,F79,G79,L79),0),2) -> 0 | R79: =+ROUND(IF(C79=25,PRODUCT(E79,F79,G79,L79),0),2) -> 0
C80: 8 | D80: 150 | E80: 2 | F80: 0.5 | G80: =+ROUND(2.89/0.15+1,0)*2 -> 40 | I80: =2*(0.15+0.4)+16*C80/1000 -> 1.228 | L80: =SUM(H80:J80)+K80 -> 1.228 | M80: =+ROUND(IF(C80=8,PRODUCT(E80,F80,G80,L80),0),2) -> 49.12 | N80: =+ROUND(IF(C80=10,PRODUCT(E80,F80,G80,L80),0),2) -> 0 | O80: =+ROUND(IF(C80=12,PRODUCT(E80,F80,G80,L80),0),2) -> 0 | P80: =+ROUND(IF(C80=16,PRODUCT(E80,F80,G80,L80),0),2) -> 0 | Q80: =+ROUND(IF(C80=20,PRODUCT(E80,F80,G80,L80),0),2) -> 0 | R80: =+ROUND(IF(C80=25,PRODUCT(E80,F80,G80,L80),0),2) -> 0
A81: 200X450 | B81: B13 | L81: =SUM(H81:J81)+K81 -> 0 | M81: =+ROUND(IF(C81=8,PRODUCT(E81,F81,G81,L81),0),2) -> 0 | N81: =+ROUND(IF(C81=10,PRODUCT(E81,F81,G81,L81),0),2) -> 0 | O81: =+ROUND(IF(C81=12,PRODUCT(E81,F81,G81,L81),0),2) -> 0 | P81: =+ROUND(IF(C81=16,PRODUCT(E81,F81,G81,L81),0),2) -> 0 | Q81: =+ROUND(IF(C81=20,PRODUCT(E81,F81,G81,L81),0),2) -> 0 | R81: =+ROUND(IF(C81=25,PRODUCT(E81,F81,G81,L81),0),2) -> 0
B82: BOTTOM | C82: 16 | E82: 2 | F82: 1 | G82: 2 | H82: =((0.79)/3)+0.1 -> 0.36333333 | I82: 4.105 | J82: =0.58+8*$C82/1000 -> 0.708 | L82: =SUM(H82:J82)+K82 -> 5.1763333 | M82: =+ROUND(IF(C82=8,PRODUCT(E82,F82,G82,L82),0),2) -> 0 | N82: =+ROUND(IF(C82=10,PRODUCT(E82,F82,G82,L82),0),2) -> 0 | O82: =+ROUND(IF(C82=12,PRODUCT(E82,F82,G82,L82),0),2) -> 0 | P82: =+ROUND(IF(C82=16,PRODUCT(E82,F82,G82,L82),0),2) -> 20.71 | Q82: =+ROUND(IF(C82=20,PRODUCT(E82,F82,G82,L82),0),2) -> 0 | R82: =+ROUND(IF(C82=25,PRODUCT(E82,F82,G82,L82),0),2) -> 0
B83: BOTTOM | C83: 16 | E83: 2 | F83: 1 | G83: 2 | H83: 0.79 | I83: 1.6 | J83: =0.58+8*$C83/1000 -> 0.708 | L83: =SUM(H83:J83)+K83 -> 3.098 | M83: =+ROUND(IF(C83=8,PRODUCT(E83,F83,G83,L83),0),2) -> 0 | N83: =+ROUND(IF(C83=10,PRODUCT(E83,F83,G83,L83),0),2) -> 0 | O83: =+ROUND(IF(C83=12,PRODUCT(E83,F83,G83,L83),0),2) -> 0 | P83: =+ROUND(IF(C83=16,PRODUCT(E83,F83,G83,L83),0),2) -> 12.39 | Q83: =+ROUND(IF(C83=20,PRODUCT(E83,F83,G83,L83),0),2) -> 0 | R83: =+ROUND(IF(C83=25,PRODUCT(E83,F83,G83,L83),0),2) -> 0
B84: TOP | C84: 16 | E84: 2 | F84: 1 | G84: 2 | H84: =((0.79)/3)+0.1 -> 0.36333333 | I84: 5.935 | J84: =0.58+8*$C84/1000 -> 0.708 | L84: =SUM(H84:J84)+K84 -> 7.0063333 | M84: =+ROUND(IF(C84=8,PRODUCT(E84,F84,G84,L84),0),2) -> 0 | N84: =+ROUND(IF(C84=10,PRODUCT(E84,F84,G84,L84),0),2) -> 0 | O84: =+ROUND(IF(C84=12,PRODUCT(E84,F84,G84,L84),0),2) -> 0 | P84: =+ROUND(IF(C84=16,PRODUCT(E84,F84,G84,L84),0),2) -> 28.03 | Q84: =+ROUND(IF(C84=20,PRODUCT(E84,F84,G84,L84),0),2) -> 0 | R84: =+ROUND(IF(C84=25,PRODUCT(E84,F84,G84,L84),0),2) -> 0
B85: STIRRUPS 200X450 | C85: 8 | D85: 100 | E85: 2 | F85: 1 | G85: =+ROUND(2.05/0.1,0) -> 21 | I85: =2*(0.15+0.4)+16*C85/1000 -> 1.228 | L85: =SUM(H85:J85)+K85 -> 1.228 | M85: =+ROUND(IF(C85=8,PRODUCT(E85,F85,G85,L85),0),2) -> 51.58 | N85: =+ROUND(IF(C85=10,PRODUCT(E85,F85,G85,L85),0),2) -> 0 | O85: =+ROUND(IF(C85=12,PRODUCT(E85,F85,G85,L85),0),2) -> 0 | P85: =+ROUND(IF(C85=16,PRODUCT(E85,F85,G85,L85),0),2) -> 0 | Q85: =+ROUND(IF(C85=20,PRODUCT(E85,F85,G85,L85),0),2) -> 0 | R85: =+ROUND(IF(C85=25,PRODUCT(E85,F85,G85,L85),0),2) -> 0
C86: 8 | D86: 150 | E86: 2 | F86: 1 | G86: =+ROUND(2.05/0.15+1,0) -> 15 | I86: =2*(0.15+0.4)+16*C86/1000 -> 1.228 | L86: =SUM(H86:J86)+K86 -> 1.228 | M86: =+ROUND(IF(C86=8,PRODUCT(E86,F86,G86,L86),0),2) -> 36.84 | N86: =+ROUND(IF(C86=10,PRODUCT(E86,F86,G86,L86),0),2) -> 0 | O86: =+ROUND(IF(C86=12,PRODUCT(E86,F86,G86,L86),0),2) -> 0 | P86: =+ROUND(IF(C86=16,PRODUCT(E86,F86,G86,L86),0),2) -> 0 | Q86: =+ROUND(IF(C86=20,PRODUCT(E86,F86,G86,L86),0),2) -> 0 | R86: =+ROUND(IF(C86=25,PRODUCT(E86,F86,G86,L86),0),2) -> 0
B87: STIRRUPS 200X350 | C87: 8 | D87: 100 | E87: 2 | F87: 1 | G87: =+ROUND(1.6/0.1+1,0) -> 17 | I87: =2*(0.15+0.3)+24*C87/1000 -> 1.092 | L87: =SUM(H87:J87)+K87 -> 1.092 | M87: =+ROUND(IF(C87=8,PRODUCT(E87,F87,G87,L87),0),2) -> 37.13 | N87: =+ROUND(IF(C87=10,PRODUCT(E87,F87,G87,L87),0),2) -> 0 | O87: =+ROUND(IF(C87=12,PRODUCT(E87,F87,G87,L87),0),2) -> 0 | P87: =+ROUND(IF(C87=16,PRODUCT(E87,F87,G87,L87),0),2) -> 0 | Q87: =+ROUND(IF(C87=20,PRODUCT(E87,F87,G87,L87),0),2) -> 0 | R87: =+ROUND(IF(C87=25,PRODUCT(E87,F87,G87,L87),0),2) -> 0
A88: 200X450 | B88: B14 | L88: =SUM(H88:J88)+K88 -> 0 | M88: =+ROUND(IF(C88=8,PRODUCT(E88,F88,G88,L88),0),2) -> 0 | N88: =+ROUND(IF(C88=10,PRODUCT(E88,F88,G88,L88),0),2) -> 0 | O88: =+ROUND(IF(C88=12,PRODUCT(E88,F88,G88,L88),0),2) -> 0 | P88: =+ROUND(IF(C88=16,PRODUCT(E88,F88,G88,L88),0),2) -> 0 | Q88: =+ROUND(IF(C88=20,PRODUCT(E88,F88,G88,L88),0),2) -> 0 | R88: =+ROUND(IF(C88=25,PRODUCT(E88,F88,G88,L88),0),2) -> 0
B89: BOTTOM | C89: 20 | E89: 2 | F89: 1 | G89: 2 | H89: =0.72+8*$C89/1000 -> 0.88 | I89: 4.905 | J89: =((0.98)/3)+0.1 -> 0.42666667 | L89: =SUM(H89:J89)+K89 -> 6.2116667 | M89: =+ROUND(IF(C89=8,PRODUCT(E89,F89,G89,L89),0),2) -> 0 | N89: =+ROUND(IF(C89=10,PRODUCT(E89,F89,G89,L89),0),2) -> 0 | O89: =+ROUND(IF(C89=12,PRODUCT(E89,F89,G89,L89),0),2) -> 0 | P89: =+ROUND(IF(C89=16,PRODUCT(E89,F89,G89,L89),0),2) -> 0 | Q89: =+ROUND(IF(C89=20,PRODUCT(E89,F89,G89,L89),0),2) -> 24.85 | R89: =+ROUND(IF(C89=25,PRODUCT(E89,F89,G89,L89),0),2) -> 0
B90: TOP | C90: 16 | E90: 2 | F90: 1 | G90: 2 | H90: =0.58+8*$C90/1000 -> 0.708 | I90: 4.905 | J90: =((0.79)/3)+0.1 -> 0.36333333 | L90: =SUM(H90:J90)+K90 -> 5.9763333 | M90: =+ROUND(IF(C90=8,PRODUCT(E90,F90,G90,L90),0),2) -> 0 | N90: =+ROUND(IF(C90=10,PRODUCT(E90,F90,G90,L90),0),2) -> 0 | O90: =+ROUND(IF(C90=12,PRODUCT(E90,F90,G90,L90),0),2) -> 0 | P90: =+ROUND(IF(C90=16,PRODUCT(E90,F90,G90,L90),0),2) -> 23.91 | Q90: =+ROUND(IF(C90=20,PRODUCT(E90,F90,G90,L90),0),2) -> 0 | R90: =+ROUND(IF(C90=25,PRODUCT(E90,F90,G90,L90),0),2) -> 0
B91: TOP EXTRA | C91: 16 | E91: 2 | F91: 1 | G91: 2 | I91: =0.8+1.185+0.8 -> 2.785 | L91: =SUM(H91:J91)+K91 -> 2.785 | M91: =+ROUND(IF(C91=8,PRODUCT(E91,F91,G91,L91),0),2) -> 0 | N91: =+ROUND(IF(C91=10,PRODUCT(E91,F91,G91,L91),0),2) -> 0 | O91: =+ROUND(IF(C91=12,PRODUCT(E91,F91,G91,L91),0),2) -> 0 | P91: =+ROUND(IF(C91=16,PRODUCT(E91,F91,G91,L91),0),2) -> 11.14 | Q91: =+ROUND(IF(C91=20,PRODUCT(E91,F91,G91,L91),0),2) -> 0 | R91: =+ROUND(IF(C91=25,PRODUCT(E91,F91,G91,L91),0),2) -> 0
B92: STIRRUPS 200X450 | C92: 8 | D92: 100 | E92: 2 | F92: 1 | G92: =+ROUND(2.22/0.1+1,0) -> 23 | I92: =2*(0.15+0.4)+16*C92/1000 -> 1.228 | L92: =SUM(H92:J92)+K92 -> 1.228 | M92: =+ROUND(IF(C92=8,PRODUCT(E92,F92,G92,L92),0),2) -> 56.49 | N92: =+ROUND(IF(C92=10,PRODUCT(E92,F92,G92,L92),0),2) -> 0 | O92: =+ROUND(IF(C92=12,PRODUCT(E92,F92,G92,L92),0),2) -> 0 | P92: =+ROUND(IF(C92=16,PRODUCT(E92,F92,G92,L92),0),2) -> 0 | Q92: =+ROUND(IF(C92=20,PRODUCT(E92,F92,G92,L92),0),2) -> 0 | R92: =+ROUND(IF(C92=25,PRODUCT(E92,F92,G92,L92),0),2) -> 0
B93: STIRRUPS 200X450 | C93: 10 | D93: 100 | E93: 2 | F93: 1 | G93: =+ROUND(1.5/0.1+1,0) -> 16 | I93: =2*(0.15+0.4)+16*C93/1000 -> 1.26 | L93: =SUM(H93:J93)+K93 -> 1.26 | M93: =+ROUND(IF(C93=8,PRODUCT(E93,F93,G93,L93),0),2) -> 0 | N93: =+ROUND(IF(C93=10,PRODUCT(E93,F93,G93,L93),0),2) -> 40.32 | O93: =+ROUND(IF(C93=12,PRODUCT(E93,F93,G93,L93),0),2) -> 0 | P93: =+ROUND(IF(C93=16,PRODUCT(E93,F93,G93,L93),0),2) -> 0 | Q93: =+ROUND(IF(C93=20,PRODUCT(E93,F93,G93,L93),0),2) -> 0 | R93: =+ROUND(IF(C93=25,PRODUCT(E93,F93,G93,L93),0),2) -> 0
A94: 200X500 | B94: B15 | L94: =SUM(H94:J94)+K94 -> 0 | M94: =+ROUND(IF(C94=8,PRODUCT(E94,F94,G94,L94),0),2) -> 0 | N94: =+ROUND(IF(C94=10,PRODUCT(E94,F94,G94,L94),0),2) -> 0 | O94: =+ROUND(IF(C94=12,PRODUCT(E94,F94,G94,L94),0),2) -> 0 | P94: =+ROUND(IF(C94=16,PRODUCT(E94,F94,G94,L94),0),2) -> 0 | Q94: =+ROUND(IF(C94=20,PRODUCT(E94,F94,G94,L94),0),2) -> 0 | R94: =+ROUND(IF(C94=25,PRODUCT(E94,F94,G94,L94),0),2) -> 0
B95: BOTTOM | C95: 16 | E95: 2 | F95: 1 | G95: 2 | H95: =0.58+8*$C95/1000 -> 0.708 | I95: 3.115 | J95: =0.58+8*$C95/1000 -> 0.708 | L95: =SUM(H95:J95)+K95 -> 4.531 | M95: =+ROUND(IF(C95=8,PRODUCT(E95,F95,G95,L95),0),2) -> 0 | N95: =+ROUND(IF(C95=10,PRODUCT(E95,F95,G95,L95),0),2) -> 0 | O95: =+ROUND(IF(C95=12,PRODUCT(E95,F95,G95,L95),0),2) -> 0 | P95: =+ROUND(IF(C95=16,PRODUCT(E95,F95,G95,L95),0),2) -> 18.12 | Q95: =+ROUND(IF(C95=20,PRODUCT(E95,F95,G95,L95),0),2) -> 0 | R95: =+ROUND(IF(C95=25,PRODUCT(E95,F95,G95,L95),0),2) -> 0
B96: TOP | C96: 16 | E96: 2 | F96: 1 | G96: 2 | H96: =0.58+8*$C96/1000 -> 0.708 | I96: 3.115 | J96: =0.58+8*$C96/1000 -> 0.708 | L96: =SUM(H96:J96)+K96 -> 4.531 | M96: =+ROUND(IF(C96=8,PRODUCT(E96,F96,G96,L96),0),2) -> 0 | N96: =+ROUND(IF(C96=10,PRODUCT(E96,F96,G96,L96),0),2) -> 0 | O96: =+ROUND(IF(C96=12,PRODUCT(E96,F96,G96,L96),0),2) -> 0 | P96: =+ROUND(IF(C96=16,PRODUCT(E96,F96,G96,L96),0),2) -> 18.12 | Q96: =+ROUND(IF(C96=20,PRODUCT(E96,F96,G96,L96),0),2) -> 0 | R96: =+ROUND(IF(C96=25,PRODUCT(E96,F96,G96,L96),0),2) -> 0
B97: STIRRUPS 200X500 | C97: 8 | D97: 100 | E97: 2 | F97: 1 | G97: =+ROUND(3.115/0.1+1,0) -> 32 | I97: =2*(0.15+0.45)+16*C97/1000 -> 1.328 | L97: =SUM(H97:J97)+K97 -> 1.328 | M97: =+ROUND(IF(C97=8,PRODUCT(E97,F97,G97,L97),0),2) -> 84.99 | N97: =+ROUND(IF(C97=10,PRODUCT(E97,F97,G97,L97),0),2) -> 0 | O97: =+ROUND(IF(C97=12,PRODUCT(E97,F97,G97,L97),0),2) -> 0 | P97: =+ROUND(IF(C97=16,PRODUCT(E97,F97,G97,L97),0),2) -> 0 | Q97: =+ROUND(IF(C97=20,PRODUCT(E97,F97,G97,L97),0),2) -> 0 | R97: =+ROUND(IF(C97=25,PRODUCT(E97,F97,G97,L97),0),2) -> 0
A98: 200X500 | B98: B16 | L98: =SUM(H98:J98)+K98 -> 0 | M98: =+ROUND(IF(C98=8,PRODUCT(E98,F98,G98,L98),0),2) -> 0 | N98: =+ROUND(IF(C98=10,PRODUCT(E98,F98,G98,L98),0),2) -> 0 | O98: =+ROUND(IF(C98=12,PRODUCT(E98,F98,G98,L98),0),2) -> 0 | P98: =+ROUND(IF(C98=16,PRODUCT(E98,F98,G98,L98),0),2) -> 0 | Q98: =+ROUND(IF(C98=20,PRODUCT(E98,F98,G98,L98),0),2) -> 0 | R98: =+ROUND(IF(C98=25,PRODUCT(E98,F98,G98,L98),0),2) -> 0
B99: BOTTOM | C99: 16 | E99: 6 | F99: 1 | G99: 2 | H99: =0.58+8*$C99/1000 -> 0.708 | I99: 6.685 | J99: =((0.79)/3)+0.1 -> 0.36333333 | L99: =SUM(H99:J99)+K99 -> 7.7563333 | M99: =+ROUND(IF(C99=8,PRODUCT(E99,F99,G99,L99),0),2) -> 0 | N99: =+ROUND(IF(C99=10,PRODUCT(E99,F99,G99,L99),0),2) -> 0 | O99: =+ROUND(IF(C99=12,PRODUCT(E99,F99,G99,L99),0),2) -> 0 | P99: =+ROUND(IF(C99=16,PRODUCT(E99,F99,G99,L99),0),2) -> 93.08 | Q99: =+ROUND(IF(C99=20,PRODUCT(E99,F99,G99,L99),0),2) -> 0 | R99: =+ROUND(IF(C99=25,PRODUCT(E99,F99,G99,L99),0),2) -> 0
B100: BOTTOM | C100: 16 | E100: 6 | F100: 1 | G100: 2 | H100: =0.79+10*$C100/1000 -> 0.95 | I100: 1.02 | J100: =0.58+8*$C100/1000 -> 0.708 | L100: =SUM(H100:J100)+K100 -> 2.678 | M100: =+ROUND(IF(C100=8,PRODUCT(E100,F100,G100,L100),0),2) -> 0 | N100: =+ROUND(IF(C100=10,PRODUCT(E100,F100,G100,L100),0),2) -> 0 | O100: =+ROUND(IF(C100=12,PRODUCT(E100,F100,G100,L100),0),2) -> 0 | P100: =+ROUND(IF(C100=16,PRODUCT(E100,F100,G100,L100),0),2) -> 32.14 | Q100: =+ROUND(IF(C100=20,PRODUCT(E100,F100,G100,L100),0),2) -> 0 | R100: =+ROUND(IF(C100=25,PRODUCT(E100,F100,G100,L100),0),2) -> 0
B101: TOP | C101: 16 | E101: 6 | F101: 1 | G101: 2 | H101: =0.58+8*$C101/1000 -> 0.708 | I101: 7.905 | J101: =0.58+8*$C101/1000 -> 0.708 | L101: =SUM(H101:J101)+K101 -> 9.321 | M101: =+ROUND(IF(C101=8,PRODUCT(E101,F101,G101,L101),0),2) -> 0 | N101: =+ROUND(IF(C101=10,PRODUCT(E101,F101,G101,L101),0),2) -> 0 | O101: =+ROUND(IF(C101=12,PRODUCT(E101,F101,G101,L101),0),2) -> 0 | P101: =+ROUND(IF(C101=16,PRODUCT(E101,F101,G101,L101),0),2) -> 111.85 | Q101: =+ROUND(IF(C101=20,PRODUCT(E101,F101,G101,L101),0),2) -> 0 | R101: =+ROUND(IF(C101=25,PRODUCT(E101,F101,G101,L101),0),2) -> 0
...

Sheet Plinth Steel
A1: Reinforcement
A2: Sr. No. | B2: Designation | C2: Dia | D2: C/C (mm) | E2: No | F2: No | G2: No of Bars | H2: Bar Length (mtr) | K2: Lap Length | L2: One Bar Length (MTR) | M2: Dia Wise Weight (Kg)
H3: a | I3: b | J3: c | M3: 8mm | N3: 10mm | O3: 12mm | P3: 16mm | Q3: 20MM | R3: 25mm
B4: Typical Beam
A5: 200X450 | B5: PB1 | L5: =SUM(H5:J5)+K5 -> 0 | M5: =+ROUND(IF(C5=8,PRODUCT(E5,F5,G5,L5),0),2) -> 0 | N5: =+ROUND(IF(C5=10,PRODUCT(E5,F5,G5,L5),0),2) -> 0 | O5: =+ROUND(IF(C5=12,PRODUCT(E5,F5,G5,L5),0),2) -> 0 | P5: =+ROUND(IF(C5=16,PRODUCT(E5,F5,G5,L5),0),2) -> 0 | Q5: =+ROUND(IF(C5=20,PRODUCT(E5,F5,G5,L5),0),2) -> 0 | R5: =+ROUND(IF(C5=25,PRODUCT(E5,F5,G5,L5),0),2) -> 0
B6: BOTTOM | C6: 16 | E6: 2 | F6: 1 | G6: 2 | H6: 0.3 | I6: =7.375-0.06 -> 7.315 | J6: 0.3 | L6: =SUM(H6:J6)+K6 -> 7.915 | M6: =+ROUND(IF(C6=8,PRODUCT(E6,F6,G6,L6),0),2) -> 0 | N6: =+ROUND(IF(C6=10,PRODUCT(E6,F6,G6,L6),0),2) -> 0 | O6: =+ROUND(IF(C6=12,PRODUCT(E6,F6,G6,L6),0),2) -> 0 | P6: =+ROUND(IF(C6=16,PRODUCT(E6,F6,G6,L6),0),2) -> 31.66 | Q6: =+ROUND(IF(C6=20,PRODUCT(E6,F6,G6,L6),0),2) -> 0 | R6: =+ROUND(IF(C6=25,PRODUCT(E6,F6,G6,L6),0),2) -> 0
B7: TOP | C7: 16 | E7: 2 | F7: 1 | G7: 2 | H7: 0.3 | I7: =7.375-0.06 -> 7.315 | J7: 0.3 | L7: =SUM(H7:J7)+K7 -> 7.915 | M7: =+ROUND(IF(C7=8,PRODUCT(E7,F7,G7,L7),0),2) -> 0 | N7: =+ROUND(IF(C7=10,PRODUCT(E7,F7,G7,L7),0),2) -> 0 | O7: =+ROUND(IF(C7=12,PRODUCT(E7,F7,G7,L7),0),2) -> 0 | P7: =+ROUND(IF(C7=16,PRODUCT(E7,F7,G7,L7),0),2) -> 31.66 | Q7: =+ROUND(IF(C7=20,PRODUCT(E7,F7,G7,L7),0),2) -> 0 | R7: =+ROUND(IF(C7=25,PRODUCT(E7,F7,G7,L7),0),2) -> 0
B8: TOP EXTRA | C8: 0 | E8: 2 | F8: 1 | G8: 2 | H8: 0.3 | I8: =0.65-0.03+0.9 -> 1.52 | L8: =SUM(H8:J8)+K8 -> 1.82 | M8: =+ROUND(IF(C8=8,PRODUCT(E8,F8,G8,L8),0),2) -> 0 | N8: =+ROUND(IF(C8=10,PRODUCT(E8,F8,G8,L8),0),2) -> 0 | O8: =+ROUND(IF(C8=12,PRODUCT(E8,F8,G8,L8),0),2) -> 0 | P8: =+ROUND(IF(C8=16,PRODUCT(E8,F8,G8,L8),0),2) -> 0 | Q8: =+ROUND(IF(C8=20,PRODUCT(E8,F8,G8,L8),0),2) -> 0 | R8: =+ROUND(IF(C8=25,PRODUCT(E8,F8,G8,L8),0),2) -> 0
B9: STIRRUPS | C9: 8 | D9: 100 | E9: 2 | F9: 1 | G9: =+ROUND(1.8/0.1,0) -> 18 | I9: =2*(0.14+0.39)+24*C9/1000 -> 1.252 | L9: =SUM(H9:J9)+K9 -> 1.252 | M9: =+ROUND(IF(C9=8,PRODUCT(E9,F9,G9,L9),0),2) -> 45.07 | N9: =+ROUND(IF(C9=10,PRODUCT(E9,F9,G9,L9),0),2) -> 0 | O9: =+ROUND(IF(C9=12,PRODUCT(E9,F9,G9,L9),0),2) -> 0 | P9: =+ROUND(IF(C9=16,PRODUCT(E9,F9,G9,L9),0),2) -> 0 | Q9: =+ROUND(IF(C9=20,PRODUCT(E9,F9,G9,L9),0),2) -> 0 | R9: =+ROUND(IF(C9=25,PRODUCT(E9,F9,G9,L9),0),2) -> 0
C10: 8 | D10: 150 | E10: 2 | F10: 1 | G10: =+ROUND(1.225/0.15+1,0) -> 9 | I10: =2*(0.14+0.39)+24*C10/1000 -> 1.252 | L10: =SUM(H10:J10)+K10 -> 1.252 | M10: =+ROUND(IF(C10=8,PRODUCT(E10,F10,G10,L10),0),2) -> 22.54 | N10: =+ROUND(IF(C10=10,PRODUCT(E10,F10,G10,L10),0),2) -> 0 | O10: =+ROUND(IF(C10=12,PRODUCT(E10,F10,G10,L10),0),2) -> 0 | P10: =+ROUND(IF(C10=16,PRODUCT(E10,F10,G10,L10),0),2) -> 0 | Q10: =+ROUND(IF(C10=20,PRODUCT(E10,F10,G10,L10),0),2) -> 0 | R10: =+ROUND(IF(C10=25,PRODUCT(E10,F10,G10,L10),0),2) -> 0
B11: STIRRUPS | C11: 8 | D11: 100 | E11: 2 | F11: 1 | G11: =+ROUND(1.8/0.1,0) -> 18 | I11: =2*(0.14+0.39)+24*C11/1000 -> 1.252 | L11: =SUM(H11:J11)+K11 -> 1.252 | M11: =+ROUND(IF(C11=8,PRODUCT(E11,F11,G11,L11),0),2) -> 45.07 | N11: =+ROUND(IF(C11=10,PRODUCT(E11,F11,G11,L11),0),2) -> 0 | O11: =+ROUND(IF(C11=12,PRODUCT(E11,F11,G11,L11),0),2) -> 0 | P11: =+ROUND(IF(C11=16,PRODUCT(E11,F11,G11,L11),0),2) -> 0 | Q11: =+ROUND(IF(C11=20,PRODUCT(E11,F11,G11,L11),0),2) -> 0 | R11: =+ROUND(IF(C11=25,PRODUCT(E11,F11,G11,L11),0),2) -> 0
C12: 8 | D12: 150 | E12: 2 | F12: 1 | G12: =+ROUND(1/0.15+1,0) -> 8 | I12: =2*(0.14+0.39)+24*C12/1000 -> 1.252 | L12: =SUM(H12:J12)+K12 -> 1.252 | M12: =+ROUND(IF(C12=8,PRODUCT(E12,F12,G12,L12),0),2) -> 20.03 | N12: =+ROUND(IF(C12=10,PRODUCT(E12,F12,G12,L12),0),2) -> 0 | O12: =+ROUND(IF(C12=12,PRODUCT(E12,F12,G12,L12),0),2) -> 0 | P12: =+ROUND(IF(C12=16,PRODUCT(E12,F12,G12,L12),0),2) -> 0 | Q12: =+ROUND(IF(C12=20,PRODUCT(E12,F12,G12,L12),0),2) -> 0 | R12: =+ROUND(IF(C12=25,PRODUCT(E12,F12,G12,L12),0),2) -> 0
A13: 200X450 | B13: PB2 | L13: =SUM(H13:J13)+K13 -> 0 | M13: =+ROUND(IF(C13=8,PRODUCT(E13,F13,G13,L13),0),2) -> 0 | N13: =+ROUND(IF(C13=10,PRODUCT(E13,F13,G13,L13),0),2) -> 0 | O13: =+ROUND(IF(C13=12,PRODUCT(E13,F13,G13,L13),0),2) -> 0 | P13: =+ROUND(IF(C13=16,PRODUCT(E13,F13,G13,L13),0),2) -> 0 | Q13: =+ROUND(IF(C13=20,PRODUCT(E13,F13,G13,L13),0),2) -> 0 | R13: =+ROUND(IF(C13=25,PRODUCT(E13,F13,G13,L13),0),2) -> 0
B14: BOTTOM | C14: 16 | E14: 2 | F14: 1 | G14: 2 | H14: 0.3 | I14: =4.15-0.06 -> 4.09 | J14: 0.3 | L14: =SUM(H14:J14)+K14 -> 4.69 | M14: =+ROUND(IF(C14=8,PRODUCT(E14,F14,G14,L14),0),2) -> 0 | N14: =+ROUND(IF(C14=10,PRODUCT(E14,F14,G14,L14),0),2) -> 0 | O14: =+ROUND(IF(C14=12,PRODUCT(E14,F14,G14,L14),0),2) -> 0 | P14: =+ROUND(IF(C14=16,PRODUCT(E14,F14,G14,L14),0),2) -> 18.76 | Q14: =+ROUND(IF(C14=20,PRODUCT(E14,F14,G14,L14),0),2) -> 0 | R14: =+ROUND(IF(C14=25,PRODUCT(E14,F14,G14,L14),0),2) -> 0
B15: TOP | C15: 16 | E15: 2 | F15: 1 | G15: 2 | H15: 0.3 | I15: =4.15-0.06 -> 4.09 | J15: 0.3 | L15: =SUM(H15:J15)+K15 -> 4.69 | M15: =+ROUND(IF(C15=8,PRODUCT(E15,F15,G15,L15),0),2) -> 0 | N15: =+ROUND(IF(C15=10,PRODUCT(E15,F15,G15,L15),0),2) -> 0 | O15: =+ROUND(IF(C15=12,PRODUCT(E15,F15,G15,L15),0),2) -> 0 | P15: =+ROUND(IF(C15=16,PRODUCT(E15,F15,G15,L15),0),2) -> 18.76 | Q15: =+ROUND(IF(C15=20,PRODUCT(E15,F15,G15,L15),0),2) -> 0 | R15: =+ROUND(IF(C15=25,PRODUCT(E15,F15,G15,L15),0),2) -> 0
B16: TOP EXTRA | C16: 0 | E16: 2 | F16: 1 | G16: 2 | H16: 0.3 | I16: =0.65-0.03+0.9 -> 1.52 | L16: =SUM(H16:J16)+K16 -> 1.82 | M16: =+ROUND(IF(C16=8,PRODUCT(E16,F16,G16,L16),0),2) -> 0 | N16: =+ROUND(IF(C16=10,PRODUCT(E16,F16,G16,L16),0),2) -> 0 | O16: =+ROUND(IF(C16=12,PRODUCT(E16,F16,G16,L16),0),2) -> 0 | P16: =+ROUND(IF(C16=16,PRODUCT(E16,F16,G16,L16),0),2) -> 0 | Q16: =+ROUND(IF(C16=20,PRODUCT(E16,F16,G16,L16),0),2) -> 0 | R16: =+ROUND(IF(C16=25,PRODUCT(E16,F16,G16,L16),0),2) -> 0
B17: STIRRUPS | C17: 8 | D17: 100 | E17: 2 | F17: 1 | G17: =+ROUND(1.8/0.1,0) -> 18 | I17: =2*(0.14+0.39)+24*C17/1000 -> 1.252 | L17: =SUM(H17:J17)+K17 -> 1.252 | M17: =+ROUND(IF(C17=8,PRODUCT(E17,F17,G17,L17),0),2) -> 45.07 | N17: =+ROUND(IF(C17=10,PRODUCT(E17,F17,G17,L17),0),2) -> 0 | O17: =+ROUND(IF(C17=12,PRODUCT(E17,F17,G17,L17),0),2) -> 0 | P17: =+ROUND(IF(C17=16,PRODUCT(E17,F17,G17,L17),0),2) -> 0 | Q17: =+ROUND(IF(C17=20,PRODUCT(E17,F17,G17,L17),0),2) -> 0 | R17: =+ROUND(IF(C17=25,PRODUCT(E17,F17,G17,L17),0),2) -> 0
C18: 8 | D18: 150 | E18: 2 | F18: 1 | G18: =+ROUND(1.5/0.15+1,0) -> 11 | I18: =2*(0.14+0.39)+24*C18/1000 -> 1.252 | L18: =SUM(H18:J18)+K18 -> 1.252 | M18: =+ROUND(IF(C18=8,PRODUCT(E18,F18,G18,L18),0),2) -> 27.54 | N18: =+ROUND(IF(C18=10,PRODUCT(E18,F18,G18,L18),0),2) -> 0 | O18: =+ROUND(IF(C18=12,PRODUCT(E18,F18,G18,L18),0),2) -> 0 | P18: =+ROUND(IF(C18=16,PRODUCT(E18,F18,G18,L18),0),2) -> 0 | Q18: =+ROUND(IF(C18=20,PRODUCT(E18,F18,G18,L18),0),2) -> 0 | R18: =+ROUND(IF(C18=25,PRODUCT(E18,F18,G18,L18),0),2) -> 0
A19: 100X450 | B19: PB3 | L19: =SUM(H19:J19)+K19 -> 0 | M19: =+ROUND(IF(C19=8,PRODUCT(E19,F19,G19,L19),0),2) -> 0 | N19: =+ROUND(IF(C19=10,PRODUCT(E19,F19,G19,L19),0),2) -> 0 | O19: =+ROUND(IF(C19=12,PRODUCT(E19,F19,G19,L19),0),2) -> 0 | P19: =+ROUND(IF(C19=16,PRODUCT(E19,F19,G19,L19),0),2) -> 0 | Q19: =+ROUND(IF(C19=20,PRODUCT(E19,F19,G19,L19),0),2) -> 0 | R19: =+ROUND(IF(C19=25,PRODUCT(E19,F19,G19,L19),0),2) -> 0
B20: BOTTOM | C20: 10 | E20: 4 | F20: 1 | G20: 2 | H20: 0.2 | I20: =1.925-0.06 -> 1.865 | J20: 0.2 | L20: =SUM(H20:J20)+K20 -> 2.265 | M20: =+ROUND(IF(C20=8,PRODUCT(E20,F20,G20,L20),0),2) -> 0 | N20: =+ROUND(IF(C20=10,PRODUCT(E20,F20,G20,L20),0),2) -> 18.12 | O20: =+ROUND(IF(C20=12,PRODUCT(E20,F20,G20,L20),0),2) -> 0 | P20: =+ROUND(IF(C20=16,PRODUCT(E20,F20,G20,L20),0),2) -> 0 | Q20: =+ROUND(IF(C20=20,PRODUCT(E20,F20,G20,L20),0),2) -> 0 | R20: =+ROUND(IF(C20=25,PRODUCT(E20,F20,G20,L20),0),2) -> 0
B21: TOP | C21: 10 | E21: 4 | F21: 1 | G21: 2 | H21: 0.2 | I21: =1.925-0.06 -> 1.865 | J21: 0.2 | L21: =SUM(H21:J21)+K21 -> 2.265 | M21: =+ROUND(IF(C21=8,PRODUCT(E21,F21,G21,L21),0),2) -> 0 | N21: =+ROUND(IF(C21=10,PRODUCT(E21,F21,G21,L21),0),2) -> 18.12 | O21: =+ROUND(IF(C21=12,PRODUCT(E21,F21,G21,L21),0),2) -> 0 | P21: =+ROUND(IF(C21=16,PRODUCT(E21,F21,G21,L21),0),2) -> 0 | Q21: =+ROUND(IF(C21=20,PRODUCT(E21,F21,G21,L21),0),2) -> 0 | R21: =+ROUND(IF(C21=25,PRODUCT(E21,F21,G21,L21),0),2) -> 0
B22: STIRRUPS | C22: 8 | D22: 150 | E22: 4 | F22: 1 | G22: =+ROUND(1.395/0.15+1,0) -> 10 | I22: =2*(0.05+0.39)+24*C22/1000 -> 1.072 | L22: =SUM(H22:J22)+K22 -> 1.072 | M22: =+ROUND(IF(C22=8,PRODUCT(E22,F22,G22,L22),0),2) -> 42.88 | N22: =+ROUND(IF(C22=10,PRODUCT(E22,F22,G22,L22),0),2) -> 0 | O22: =+ROUND(IF(C22=12,PRODUCT(E22,F22,G22,L22),0),2) -> 0 | P22: =+ROUND(IF(C22=16,PRODUCT(E22,F22,G22,L22),0),2) -> 0 | Q22: =+ROUND(IF(C22=20,PRODUCT(E22,F22,G22,L22),0),2) -> 0 | R22: =+ROUND(IF(C22=25,PRODUCT(E22,F22,G22,L22),0),2) -> 0
A23: 100X450 | B23: PB3 | L23: =SUM(H23:J23)+K23 -> 0 | M23: =+ROUND(IF(C23=8,PRODUCT(E23,F23,G23,L23),0),2) -> 0 | N23: =+ROUND(IF(C23=10,PRODUCT(E23,F23,G23,L23),0),2) -> 0 | O23: =+ROUND(IF(C23=12,PRODUCT(E23,F23,G23,L23),0),2) -> 0 | P23: =+ROUND(IF(C23=16,PRODUCT(E23,F23,G23,L23),0),2) -> 0 | Q23: =+ROUND(IF(C23=20,PRODUCT(E23,F23,G23,L23),0),2) -> 0 | R23: =+ROUND(IF(C23=25,PRODUCT(E23,F23,G23,L23),0),2) -> 0
B24: BOTTOM | C24: 10 | E24: 2 | F24: 1 | G24: 2 | H24: 0.2 | I24: =1.53-0.06 -> 1.47 | J24: 0.2 | L24: =SUM(H24:J24)+K24 -> 1.87 | M24: =+ROUND(IF(C24=8,PRODUCT(E24,F24,G24,L24),0),2) -> 0 | N24: =+ROUND(IF(C24=10,PRODUCT(E24,F24,G24,L24),0),2) -> 7.48 | O24: =+ROUND(IF(C24=12,PRODUCT(E24,F24,G24,L24),0),2) -> 0 | P24: =+ROUND(IF(C24=16,PRODUCT(E24,F24,G24,L24),0),2) -> 0 | Q24: =+ROUND(IF(C24=20,PRODUCT(E24,F24,G24,L24),0),2) -> 0 | R24: =+ROUND(IF(C24=25,PRODUCT(E24,F24,G24,L24),0),2) -> 0
B25: TOP | C25: 10 | E25: 2 | F25: 1 | G25: 2 | H25: 0.2 | I25: =1.53-0.06 -> 1.47 | J25: 0.2 | L25: =SUM(H25:J25)+K25 -> 1.87 | M25: =+ROUND(IF(C25=8,PRODUCT(E25,F25,G25,L25),0),2) -> 0 | N25: =+ROUND(IF(C25=10,PRODUCT(E25,F25,G25,L25),0),2) -> 7.48 | O25: =+ROUND(IF(C25=12,PRODUCT(E25,F25,G25,L25),0),2) -> 0 | P25: =+ROUND(IF(C25=16,PRODUCT(E25,F25,G25,L25),0),2) -> 0 | Q25: =+ROUND(IF(C25=20,PRODUCT(E25,F25,G25,L25),0),2) -> 0 | R25: =+ROUND(IF(C25=25,PRODUCT(E25,F25,G25,L25),0),2) -> 0
B26: STIRRUPS | C26: 8 | D26: 150 | E26: 2 | F26: 1 | G26: =+ROUND(1.2/0.15+1,0) -> 9 | I26: =2*(0.05+0.39)+24*C26/1000 -> 1.072 | L26: =SUM(H26:J26)+K26 -> 1.072 | M26: =+ROUND(IF(C26=8,PRODUCT(E26,F26,G26,L26),0),2) -> 19.3 | N26: =+ROUND(IF(C26=10,PRODUCT(E26,F26,G26,L26),0),2) -> 0 | O26: =+ROUND(IF(C26=12,PRODUCT(E26,F26,G26,L26),0),2) -> 0 | P26: =+ROUND(IF(C26=16,PRODUCT(E26,F26,G26,L26),0),2) -> 0 | Q26: =+ROUND(IF(C26=20,PRODUCT(E26,F26,G26,L26),0),2) -> 0 | R26: =+ROUND(IF(C26=25,PRODUCT(E26,F26,G26,L26),0),2) -> 0
A27: 100X450 | B27: PB3 | L27: =SUM(H27:J27)+K27 -> 0 | M27: =+ROUND(IF(C27=8,PRODUCT(E27,F27,G27,L27),0),2) -> 0 | N27: =+ROUND(IF(C27=10,PRODUCT(E27,F27,G27,L27),0),2) -> 0 | O27: =+ROUND(IF(C27=12,PRODUCT(E27,F27,G27,L27),0),2) -> 0 | P27: =+ROUND(IF(C27=16,PRODUCT(E27,F27,G27,L27),0),2) -> 0 | Q27: =+ROUND(IF(C27=20,PRODUCT(E27,F27,G27,L27),0),2) -> 0 | R27: =+ROUND(IF(C27=25,PRODUCT(E27,F27,G27,L27),0),2) -> 0
B28: BOTTOM | C28: 10 | E28: 6 | F28: 1 | G28: 2 | H28: 0.2 | I28: =1.7-0.06 -> 1.64 | J28: 0.2 | L28: =SUM(H28:J28)+K28 -> 2.04 | M28: =+ROUND(IF(C28=8,PRODUCT(E28,F28,G28,L28),0),2) -> 0 | N28: =+ROUND(IF(C28=10,PRODUCT(E28,F28,G28,L28),0),2) -> 24.48 | O28: =+ROUND(IF(C28=12,PRODUCT(E28,F28,G28,L28),0),2) -> 0 | P28: =+ROUND(IF(C28=16,PRODUCT(E28,F28,G28,L28),0),2) -> 0 | Q28: =+ROUND(IF(C28=20,PRODUCT(E28,F28,G28,L28),0),2) -> 0 | R28: =+ROUND(IF(C28=25,PRODUCT(E28,F28,G28,L28),0),2) -> 0
B29: TOP | C29: 10 | E29: 6 | F29: 1 | G29: 2 | H29: 0.2 | I29: =1.7-0.06 -> 1.64 | J29: 0.2 | L29: =SUM(H29:J29)+K29 -> 2.04 | M29: =+ROUND(IF(C29=8,PRODUCT(E29,F29,G29,L29),0),2) -> 0 | N29: =+ROUND(IF(C29=10,PRODUCT(E29,F29,G29,L29),0),2) -> 24.48 | O29: =+ROUND(IF(C29=12,PRODUCT(E29,F29,G29,L29),0),2) -> 0 | P29: =+ROUND(IF(C29=16,PRODUCT(E29,F29,G29,L29),0),2) -> 0 | Q29: =+ROUND(IF(C29=20,PRODUCT(E29,F29,G29,L29),0),2) -> 0 | R29: =+ROUND(IF(C29=25,PRODUCT(E29,F29,G29,L29),0),2) -> 0
B30: STIRRUPS | C30: 8 | D30: 150 | E30: 6 | F30: 1 | G30: =+ROUND(1.4/0.15+1,0) -> 10 | I30: =2*(0.05+0.39)+24*C30/1000 -> 1.072 | L30: =SUM(H30:J30)+K30 -> 1.072 | M30: =+ROUND(IF(C30=8,PRODUCT(E30,F30,G30,L30),0),2) -> 64.32 | N30: =+ROUND(IF(C30=10,PRODUCT(E30,F30,G30,L30),0),2) -> 0 | O30: =+ROUND(IF(C30=12,PRODUCT(E30,F30,G30,L30),0),2) -> 0 | P30: =+ROUND(IF(C30=16,PRODUCT(E30,F30,G30,L30),0),2) -> 0 | Q30: =+ROUND(IF(C30=20,PRODUCT(E30,F30,G30,L30),0),2) -> 0 | R30: =+ROUND(IF(C30=25,PRODUCT(E30,F30,G30,L30),0),2) -> 0
A31: 100X450 | B31: PB3 | L31: =SUM(H31:J31)+K31 -> 0 | M31: =+ROUND(IF(C31=8,PRODUCT(E31,F31,G31,L31),0),2) -> 0 | N31: =+ROUND(IF(C31=10,PRODUCT(E31,F31,G31,L31),0),2) -> 0 | O31: =+ROUND(IF(C31=12,PRODUCT(E31,F31,G31,L31),0),2) -> 0 | P31: =+ROUND(IF(C31=16,PRODUCT(E31,F31,G31,L31),0),2) -> 0 | Q31: =+ROUND(IF(C31=20,PRODUCT(E31,F31,G31,L31),0),2) -> 0 | R31: =+ROUND(IF(C31=25,PRODUCT(E31,F31,G31,L31),0),2) -> 0
B32: BOTTOM | C32: 10 | E32: 6 | F32: 1 | G32: 2 | H32: 0.2 | I32: =1.87-0.06 -> 1.81 | J32: 0.2 | L32: =SUM(H32:J32)+K32 -> 2.21 | M32: =+ROUND(IF(C32=8,PRODUCT(E32,F32,G32,L32),0),2) -> 0 | N32: =+ROUND(IF(C32=10,PRODUCT(E32,F32,G32,L32),0),2) -> 26.52 | O32: =+ROUND(IF(C32=12,PRODUCT(E32,F32,G32,L32),0),2) -> 0 | P32: =+ROUND(IF(C32=16,PRODUCT(E32,F32,G32,L32),0),2) -> 0 | Q32: =+ROUND(IF(C32=20,PRODUCT(E32,F32,G32,L32),0),2) -> 0 | R32: =+ROUND(IF(C32=25,PRODUCT(E32,F32,G32,L32),0),2) -> 0
B33: TOP | C33: 10 | E33: 6 | F33: 1 | G33: 2 | H33: 0.2 | I33: =1.87-0.06 -> 1.81 | J33: 0.2 | L33: =SUM(H33:J33)+K33 -> 2.21 | M33: =+ROUND(IF(C33=8,PRODUCT(E33,F33,G33,L33),0),2) -> 0 | N33: =+ROUND(IF(C33=10,PRODUCT(E33,F33,G33,L33),0),2) -> 26.52 | O33: =+ROUND(IF(C33=12,PRODUCT(E33,F33,G33,L33),0),2) -> 0 | P33: =+ROUND(IF(C33=16,PRODUCT(E33,F33,G33,L33),0),2) -> 0 | Q33: =+ROUND(IF(C33=20,PRODUCT(E33,F33,G33,L33),0),2) -> 0 | R33: =+ROUND(IF(C33=25,PRODUCT(E33,F33,G33,L33),0),2) -> 0
B34: STIRRUPS | C34: 8 | D34: 150 | E34: 6 | F34: 1 | G34: =+ROUND(1.57/0.15+1,0) -> 11 | I34: =2*(0.05+0.39)+24*C34/1000 -> 1.072 | L34: =SUM(H34:J34)+K34 -> 1.072 | M34: =+ROUND(IF(C34=8,PRODUCT(E34,F34,G34,L34),0),2) -> 70.75 | N34: =+ROUND(IF(C34=10,PRODUCT(E34,F34,G34,L34),0),2) -> 0 | O34: =+ROUND(IF(C34=12,PRODUCT(E34,F34,G34,L34),0),2) -> 0 | P34: =+ROUND(IF(C34=16,PRODUCT(E34,F34,G34,L34),0),2) -> 0 | Q34: =+ROUND(IF(C34=20,PRODUCT(E34,F34,G34,L34),0),2) -> 0 | R34: =+ROUND(IF(C34=25,PRODUCT(E34,F34,G34,L34),0),2) -> 0
A35: 100X450 | B35: PB3 | L35: =SUM(H35:J35)+K35 -> 0 | M35: =+ROUND(IF(C35=8,PRODUCT(E35,F35,G35,L35),0),2) -> 0 | N35: =+ROUND(IF(C35=10,PRODUCT(E35,F35,G35,L35),0),2) -> 0 | O35: =+ROUND(IF(C35=12,PRODUCT(E35,F35,G35,L35),0),2) -> 0 | P35: =+ROUND(IF(C35=16,PRODUCT(E35,F35,G35,L35),0),2) -> 0 | Q35: =+ROUND(IF(C35=20,PRODUCT(E35,F35,G35,L35),0),2) -> 0 | R35: =+ROUND(IF(C35=25,PRODUCT(E35,F35,G35,L35),0),2) -> 0
B36: BOTTOM | C36: 10 | E36: 6 | F36: 1 | G36: 2 | H36: 0.2 | I36: =1.37-0.06 -> 1.31 | J36: 0.2 | L36: =SUM(H36:J36)+K36 -> 1.71 | M36: =+ROUND(IF(C36=8,PRODUCT(E36,F36,G36,L36),0),2) -> 0 | N36: =+ROUND(IF(C36=10,PRODUCT(E36,F36,G36,L36),0),2) -> 20.52 | O36: =+ROUND(IF(C36=12,PRODUCT(E36,F36,G36,L36),0),2) -> 0 | P36: =+ROUND(IF(C36=16,PRODUCT(E36,F36,G36,L36),0),2) -> 0 | Q36: =+ROUND(IF(C36=20,PRODUCT(E36,F36,G36,L36),0),2) -> 0 | R36: =+ROUND(IF(C36=25,PRODUCT(E36,F36,G36,L36),0),2) -> 0
B37: TOP | C37: 10 | E37: 6 | F37: 1 | G37: 2 | H37: 0.2 | I37: =1.37-0.06 -> 1.31 | J37: 0.2 | L37: =SUM(H37:J37)+K37 -> 1.71 | M37: =+ROUND(IF(C37=8,PRODUCT(E37,F37,G37,L37),0),2) -> 0 | N37: =+ROUND(IF(C37=10,PRODUCT(E37,F37,G37,L37),0),2) -> 20.52 | O37: =+ROUND(IF(C37=12,PRODUCT(E37,F37,G37,L37),0),2) -> 0 | P37: =+ROUND(IF(C37=16,PRODUCT(E37,F37,G37,L37),0),2) -> 0 | Q37: =+ROUND(IF(C37=20,PRODUCT(E37,F37,G37,L37),0),2) -> 0 | R37: =+ROUND(IF(C37=25,PRODUCT(E37,F37,G37,L37),0),2) -> 0
B38: STIRRUPS | C38: 8 | D38: 150 | E38: 6 | F38: 1 | G38: =+ROUND(0.97/0.15+1,0) -> 7 | I38: =2*(0.05+0.39)+24*C38/1000 -> 1.072 | L38: =SUM(H38:J38)+K38 -> 1.072 | M38: =+ROUND(IF(C38=8,PRODUCT(E38,F38,G38,L38),0),2) -> 45.02 | N38: =+ROUND(IF(C38=10,PRODUCT(E38,F38,G38,L38),0),2) -> 0 | O38: =+ROUND(IF(C38=12,PRODUCT(E38,F38,G38,L38),0),2) -> 0 | P38: =+ROUND(IF(C38=16,PRODUCT(E38,F38,G38,L38),0),2) -> 0 | Q38: =+ROUND(IF(C38=20,PRODUCT(E38,F38,G38,L38),0),2) -> 0 | R38: =+ROUND(IF(C38=25,PRODUCT(E38,F38,G38,L38),0),2) -> 0
A39: 200X450 | B39: PB4 | L39: =SUM(H39:J39)+K39 -> 0 | M39: =+ROUND(IF(C39=8,PRODUCT(E39,F39,G39,L39),0),2) -> 0 | N39: =+ROUND(IF(C39=10,PRODUCT(E39,F39,G39,L39),0),2) -> 0 | O39: =+ROUND(IF(C39=12,PRODUCT(E39,F39,G39,L39),0),2) -> 0 | P39: =+ROUND(IF(C39=16,PRODUCT(E39,F39,G39,L39),0),2) -> 0 | Q39: =+ROUND(IF(C39=20,PRODUCT(E39,F39,G39,L39),0),2) -> 0 | R39: =+ROUND(IF(C39=25,PRODUCT(E39,F39,G39,L39),0),2) -> 0
B40: BOTTOM | C40: 16 | E40: 2 | F40: 1 | G40: 2 | H40: 0.2 | I40: =1.925-0.06 -> 1.865 | J40: 0.2 | L40: =SUM(H40:J40)+K40 -> 2.265 | M40: =+ROUND(IF(C40=8,PRODUCT(E40,F40,G40,L40),0),2) -> 0 | N40: =+ROUND(IF(C40=10,PRODUCT(E40,F40,G40,L40),0),2) -> 0 | O40: =+ROUND(IF(C40=12,PRODUCT(E40,F40,G40,L40),0),2) -> 0 | P40: =+ROUND(IF(C40=16,PRODUCT(E40,F40,G40,L40),0),2) -> 9.06 | Q40: =+ROUND(IF(C40=20,PRODUCT(E40,F40,G40,L40),0),2) -> 0 | R40: =+ROUND(IF(C40=25,PRODUCT(E40,F40,G40,L40),0),2) -> 0
B41: TOP | C41: 16 | E41: 2 | F41: 1 | G41: 2 | H41: 0.2 | I41: =1.925-0.06 -> 1.865 | J41: 0.2 | L41: =SUM(H41:J41)+K41 -> 2.265 | M41: =+ROUND(IF(C41=8,PRODUCT(E41,F41,G41,L41),0),2) -> 0 | N41: =+ROUND(IF(C41=10,PRODUCT(E41,F41,G41,L41),0),2) -> 0 | O41: =+ROUND(IF(C41=12,PRODUCT(E41,F41,G41,L41),0),2) -> 0 | P41: =+ROUND(IF(C41=16,PRODUCT(E41,F41,G41,L41),0),2) -> 9.06 | Q41: =+ROUND(IF(C41=20,PRODUCT(E41,F41,G41,L41),0),2) -> 0 | R41: =+ROUND(IF(C41=25,PRODUCT(E41,F41,G41,L41),0),2) -> 0
B42: STIRRUPS | C42: 8 | D42: 125 | E42: 2 | F42: 1 | G42: =+ROUND(1.395/0.125+1,0) -> 12 | I42: =2*(0.14+0.39)+24*C42/1000 -> 1.252 | L42: =SUM(H42:J42)+K42 -> 1.252 | M42: =+ROUND(IF(C42=8,PRODUCT(E42,F42,G42,L42),0),2) -> 30.05 | N42: =+ROUND(IF(C42=10,PRODUCT(E42,F42,G42,L42),0),2) -> 0 | O42: =+ROUND(IF(C42=12,PRODUCT(E42,F42,G42,L42),0),2) -> 0 | P42: =+ROUND(IF(C42=16,PRODUCT(E42,F42,G42,L42),0),2) -> 0 | Q42: =+ROUND(IF(C42=20,PRODUCT(E42,F42,G42,L42),0),2) -> 0 | R42: =+ROUND(IF(C42=25,PRODUCT(E42,F42,G42,L42),0),2) -> 0
A43: 200X450 | B43: PB5 | L43: =SUM(H43:J43)+K43 -> 0 | M43: =+ROUND(IF(C43=8,PRODUCT(E43,F43,G43,L43),0),2) -> 0 | N43: =+ROUND(IF(C43=10,PRODUCT(E43,F43,G43,L43),0),2) -> 0 | O43: =+ROUND(IF(C43=12,PRODUCT(E43,F43,G43,L43),0),2) -> 0 | P43: =+ROUND(IF(C43=16,PRODUCT(E43,F43,G43,L43),0),2) -> 0 | Q43: =+ROUND(IF(C43=20,PRODUCT(E43,F43,G43,L43),0),2) -> 0 | R43: =+ROUND(IF(C43=25,PRODUCT(E43,F43,G43,L43),0),2) -> 0
B44: BOTTOM | C44: 12 | E44: 2 | F44: 1 | G44: 2 | H44: 0.3 | I44: =3.6-0.06 -> 3.54 | J44: 0.3 | L44: =SUM(H44:J44)+K44 -> 4.14 | M44: =+ROUND(IF(C44=8,PRODUCT(E44,F44,G44,L44),0),2) -> 0 | N44: =+ROUND(IF(C44=10,PRODUCT(E44,F44,G44,L44),0),2) -> 0 | O44: =+ROUND(IF(C44=12,PRODUCT(E44,F44,G44,L44),0),2) -> 16.56 | P44: =+ROUND(IF(C44=16,PRODUCT(E44,F44,G44,L44),0),2) -> 0 | Q44: =+ROUND(IF(C44=20,PRODUCT(E44,F44,G44,L44),0),2) -> 0 | R44: =+ROUND(IF(C44=25,PRODUCT(E44,F44,G44,L44),0),2) -> 0
B45: TOP | C45: 12 | E45: 2 | F45: 1 | G45: 2 | H45: 0.3 | I45: =3.6-0.06 -> 3.54 | J45: 0.3 | L45: =SUM(H45:J45)+K45 -> 4.14 | M45: =+ROUND(IF(C45=8,PRODUCT(E45,F45,G45,L45),0),2) -> 0 | N45: =+ROUND(IF(C45=10,PRODUCT(E45,F45,G45,L45),0),2) -> 0 | O45: =+ROUND(IF(C45=12,PRODUCT(E45,F45,G45,L45),0),2) -> 16.56 | P45: =+ROUND(IF(C45=16,PRODUCT(E45,F45,G45,L45),0),2) -> 0 | Q45: =+ROUND(IF(C45=20,PRODUCT(E45,F45,G45,L45),0),2) -> 0 | R45: =+ROUND(IF(C45=25,PRODUCT(E45,F45,G45,L45),0),2) -> 0
B46: STIRRUPS | C46: 8 | D46: 100 | E46: 2 | F46: 1 | G46: =+ROUND(1.8/0.1,0) -> 18 | I46: =2*(0.14+0.39)+24*C46/1000 -> 1.252 | L46: =SUM(H46:J46)+K46 -> 1.252 | M46: =+ROUND(IF(C46=8,PRODUCT(E46,F46,G46,L46),0),2) -> 45.07 | N46: =+ROUND(IF(C46=10,PRODUCT(E46,F46,G46,L46),0),2) -> 0 | O46: =+ROUND(IF(C46=12,PRODUCT(E46,F46,G46,L46),0),2) -> 0 | P46: =+ROUND(IF(C46=16,PRODUCT(E46,F46,G46,L46),0),2) -> 0 | Q46: =+ROUND(IF(C46=20,PRODUCT(E46,F46,G46,L46),0),2) -> 0 | R46: =+ROUND(IF(C46=25,PRODUCT(E46,F46,G46,L46),0),2) -> 0
C47: 8 | D47: 150 | E47: 2 | F47: 1 | G47: =+ROUND(1.3/0.15+1,0) -> 10 | I47: =2*(0.14+0.39)+24*C47/1000 -> 1.252 | L47: =SUM(H47:J47)+K47 -> 1.252 | M47: =+ROUND(IF(C47=8,PRODUCT(E47,F47,G47,L47),0),2) -> 25.04 | N47: =+ROUND(IF(C47=10,PRODUCT(E47,F47,G47,L47),0),2) -> 0 | O47: =+ROUND(IF(C47=12,PRODUCT(E47,F47,G47,L47),0),2) -> 0 | P47: =+ROUND(IF(C47=16,PRODUCT(E47,F47,G47,L47),0),2) -> 0 | Q47: =+ROUND(IF(C47=20,PRODUCT(E47,F47,G47,L47),0),2) -> 0 | R47: =+ROUND(IF(C47=25,PRODUCT(E47,F47,G47,L47),0),2) -> 0
A48: 200X450 | B48: PB6 | L48: =SUM(H48:J48)+K48 -> 0 | M48: =+ROUND(IF(C48=8,PRODUCT(E48,F48,G48,L48),0),2) -> 0 | N48: =+ROUND(IF(C48=10,PRODUCT(E48,F48,G48,L48),0),2) -> 0 | O48: =+ROUND(IF(C48=12,PRODUCT(E48,F48,G48,L48),0),2) -> 0 | P48: =+ROUND(IF(C48=16,PRODUCT(E48,F48,G48,L48),0),2) -> 0 | Q48: =+ROUND(IF(C48=20,PRODUCT(E48,F48,G48,L48),0),2) -> 0 | R48: =+ROUND(IF(C48=25,PRODUCT(E48,F48,G48,L48),0),2) -> 0
B49: BOTTOM | C49: 12 | E49: 1 | F49: 1 | G49: 2 | H49: 0.3 | I49: 18.91 | J49: 0.3 | K49: =+C49*49/1000 -> 0.588 | L49: =SUM(H49:J49)+K49 -> 20.098 | M49: =+ROUND(IF(C49=8,PRODUCT(E49,F49,G49,L49),0),2) -> 0 | N49: =+ROUND(IF(C49=10,PRODUCT(E49,F49,G49,L49),0),2) -> 0 | O49: =+ROUND(IF(C49=12,PRODUCT(E49,F49,G49,L49),0),2) -> 40.2 | P49: =+ROUND(IF(C49=16,PRODUCT(E49,F49,G49,L49),0),2) -> 0 | Q49: =+ROUND(IF(C49=20,PRODUCT(E49,F49,G49,L49),0),2) -> 0 | R49: =+ROUND(IF(C49=25,PRODUCT(E49,F49,G49,L49),0),2) -> 0
B50: TOP | C50: 12 | E50: 1 | F50: 1 | G50: 2 | H50: 0.3 | I50: 18.91 | J50: 0.3 | K50: =+C50*49/1000 -> 0.588 | L50: =SUM(H50:J50)+K50 -> 20.098 | M50: =+ROUND(IF(C50=8,PRODUCT(E50,F50,G50,L50),0),2) -> 0 | N50: =+ROUND(IF(C50=10,PRODUCT(E50,F50,G50,L50),0),2) -> 0 | O50: =+ROUND(IF(C50=12,PRODUCT(E50,F50,G50,L50),0),2) -> 40.2 | P50: =+ROUND(IF(C50=16,PRODUCT(E50,F50,G50,L50),0),2) -> 0 | Q50: =+ROUND(IF(C50=20,PRODUCT(E50,F50,G50,L50),0),2) -> 0 | R50: =+ROUND(IF(C50=25,PRODUCT(E50,F50,G50,L50),0),2) -> 0
B51: STIRRUPS | C51: 8 | D51: 100 | E51: 1 | F51: 2 | G51: =+ROUND(2.345/0.1,0) -> 23 | I51: =2*(0.14+0.39)+24*C51/1000 -> 1.252 | L51: =SUM(H51:J51)+K51 -> 1.252 | M51: =+ROUND(IF(C51=8,PRODUCT(E51,F51,G51,L51),0),2) -> 57.59 | N51: =+ROUND(IF(C51=10,PRODUCT(E51,F51,G51,L51),0),2) -> 0 | O51: =+ROUND(IF(C51=12,PRODUCT(E51,F51,G51,L51),0),2) -> 0 | P51: =+ROUND(IF(C51=16,PRODUCT(E51,F51,G51,L51),0),2) -> 0 | Q51: =+ROUND(IF(C51=20,PRODUCT(E51,F51,G51,L51),0),2) -> 0 | R51: =+ROUND(IF(C51=25,PRODUCT(E51,F51,G51,L51),0),2) -> 0
C52: 8 | D52: 150 | E52: 1 | F52: 2 | G52: =+ROUND(2.345/0.15+1,0) -> 17 | I52: =2*(0.14+0.39)+24*C52/1000 -> 1.252 | L52: =SUM(H52:J52)+K52 -> 1.252 | M52: =+ROUND(IF(C52=8,PRODUCT(E52,F52,G52,L52),0),2) -> 42.57 | N52: =+ROUND(IF(C52=10,PRODUCT(E52,F52,G52,L52),0),2) -> 0 | O52: =+ROUND(IF(C52=12,PRODUCT(E52,F52,G52,L52),0),2) -> 0 | P52: =+ROUND(IF(C52=16,PRODUCT(E52,F52,G52,L52),0),2) -> 0 | Q52: =+ROUND(IF(C52=20,PRODUCT(E52,F52,G52,L52),0),2) -> 0 | R52: =+ROUND(IF(C52=25,PRODUCT(E52,F52,G52,L52),0),2) -> 0
B53: STIRRUPS | C53: 8 | D53: 100 | E53: 1 | F53: 2 | G53: =+ROUND(3.15/0.1,0) -> 32 | I53: =2*(0.14+0.39)+24*C53/1000 -> 1.252 | L53: =SUM(H53:J53)+K53 -> 1.252 | M53: =+ROUND(IF(C53=8,PRODUCT(E53,F53,G53,L53),0),2) -> 80.13 | N53: =+ROUND(IF(C53=10,PRODUCT(E53,F53,G53,L53),0),2) -> 0 | O53: =+ROUND(IF(C53=12,PRODUCT(E53,F53,G53,L53),0),2) -> 0 | P53: =+ROUND(IF(C53=16,PRODUCT(E53,F53,G53,L53),0),2) -> 0 | Q53: =+ROUND(IF(C53=20,PRODUCT(E53,F53,G53,L53),0),2) -> 0 | R53: =+ROUND(IF(C53=25,PRODUCT(E53,F53,G53,L53),0),2) -> 0
C54: 8 | D54: 150 | E54: 1 | F54: 2 | G54: =+ROUND(3.15/0.15+1,0) -> 22 | I54: =2*(0.14+0.39)+24*C54/1000 -> 1.252 | L54: =SUM(H54:J54)+K54 -> 1.252 | M54: =+ROUND(IF(C54=8,PRODUCT(E54,F54,G54,L54),0),2) -> 55.09 | N54: =+ROUND(IF(C54=10,PRODUCT(E54,F54,G54,L54),0),2) -> 0 | O54: =+ROUND(IF(C54=12,PRODUCT(E54,F54,G54,L54),0),2) -> 0 | P54: =+ROUND(IF(C54=16,PRODUCT(E54,F54,G54,L54),0),2) -> 0 | Q54: =+ROUND(IF(C54=20,PRODUCT(E54,F54,G54,L54),0),2) -> 0 | R54: =+ROUND(IF(C54=25,PRODUCT(E54,F54,G54,L54),0),2) -> 0
A57: 200X450 | B57: PB7 | L57: =SUM(H57:J57)+K57 -> 0 | M57: =+ROUND(IF(C57=8,PRODUCT(E57,F57,G57,L57),0),2) -> 0 | N57: =+ROUND(IF(C57=10,PRODUCT(E57,F57,G57,L57),0),2) -> 0 | O57: =+ROUND(IF(C57=12,PRODUCT(E57,F57,G57,L57),0),2) -> 0 | P57: =+ROUND(IF(C57=16,PRODUCT(E57,F57,G57,L57),0),2) -> 0 | Q57: =+ROUND(IF(C57=20,PRODUCT(E57,F57,G57,L57),0),2) -> 0 | R57: =+ROUND(IF(C57=25,PRODUCT(E57,F57,G57,L57),0),2) -> 0
B58: BOTTOM | C58: 16 | E58: 2 | F58: 1 | G58: 2 | H58: 0.3 | I58: =7.205-0.06 -> 7.145 | J58: 0.3 | L58: =SUM(H58:J58)+K58 -> 7.745 | M58: =+ROUND(IF(C58=8,PRODUCT(E58,F58,G58,L58),0),2) -> 0 | N58: =+ROUND(IF(C58=10,PRODUCT(E58,F58,G58,L58),0),2) -> 0 | O58: =+ROUND(IF(C58=12,PRODUCT(E58,F58,G58,L58),0),2) -> 0 | P58: =+ROUND(IF(C58=16,PRODUCT(E58,F58,G58,L58),0),2) -> 30.98 | Q58: =+ROUND(IF(C58=20,PRODUCT(E58,F58,G58,L58),0),2) -> 0 | R58: =+ROUND(IF(C58=25,PRODUCT(E58,F58,G58,L58),0),2) -> 0
B59: TOP | C59: 16 | E59: 2 | F59: 1 | G59: 2 | H59: 0.3 | I59: =7.205-0.06 -> 7.145 | J59: 0.3 | L59: =SUM(H59:J59)+K59 -> 7.745 | M59: =+ROUND(IF(C59=8,PRODUCT(E59,F59,G59,L59),0),2) -> 0 | N59: =+ROUND(IF(C59=10,PRODUCT(E59,F59,G59,L59),0),2) -> 0 | O59: =+ROUND(IF(C59=12,PRODUCT(E59,F59,G59,L59),0),2) -> 0 | P59: =+ROUND(IF(C59=16,PRODUCT(E59,F59,G59,L59),0),2) -> 30.98 | Q59: =+ROUND(IF(C59=20,PRODUCT(E59,F59,G59,L59),0),2) -> 0 | R59: =+ROUND(IF(C59=25,PRODUCT(E59,F59,G59,L59),0),2) -> 0
B60: STIRRUPS 200X450 | C60: 8 | D60: 100 | E60: 2 | F60: 1 | G60: =+ROUND(1.8/0.1,0) -> 18 | I60: =2*(0.14+0.39)+24*C60/1000 -> 1.252 | L60: =SUM(H60:J60)+K60 -> 1.252 | M60: =+ROUND(IF(C60=8,PRODUCT(E60,F60,G60,L60),0),2) -> 45.07 | N60: =+ROUND(IF(C60=10,PRODUCT(E60,F60,G60,L60),0),2) -> 0 | O60: =+ROUND(IF(C60=12,PRODUCT(E60,F60,G60,L60),0),2) -> 0 | P60: =+ROUND(IF(C60=16,PRODUCT(E60,F60,G60,L60),0),2) -> 0 | Q60: =+ROUND(IF(C60=20,PRODUCT(E60,F60,G60,L60),0),2) -> 0 | R60: =+ROUND(IF(C60=25,PRODUCT(E60,F60,G60,L60),0),2) -> 0
C61: 8 | D61: 150 | E61: 2 | F61: 1 | G61: =+ROUND(1.075/0.15+1,0) -> 8 | I61: =2*(0.14+0.39)+24*C61/1000 -> 1.252 | L61: =SUM(H61:J61)+K61 -> 1.252 | M61: =+ROUND(IF(C61=8,PRODUCT(E61,F61,G61,L61),0),2) -> 20.03 | N61: =+ROUND(IF(C61=10,PRODUCT(E61,F61,G61,L61),0),2) -> 0 | O61: =+ROUND(IF(C61=12,PRODUCT(E61,F61,G61,L61),0),2) -> 0 | P61: =+ROUND(IF(C61=16,PRODUCT(E61,F61,G61,L61),0),2) -> 0 | Q61: =+ROUND(IF(C61=20,PRODUCT(E61,F61,G61,L61),0),2) -> 0 | R61: =+ROUND(IF(C61=25,PRODUCT(E61,F61,G61,L61),0),2) -> 0
B62: STIRRUPS 200X450 | C62: 8 | D62: 100 | E62: 2 | F62: 1 | G62: =+ROUND(1.8/0.1,0) -> 18 | I62: =2*(0.14+0.39)+24*C62/1000 -> 1.252 | L62: =SUM(H62:J62)+K62 -> 1.252 | M62: =+ROUND(IF(C62=8,PRODUCT(E62,F62,G62,L62),0),2) -> 45.07 | N62: =+ROUND(IF(C62=10,PRODUCT(E62,F62,G62,L62),0),2) -> 0 | O62: =+ROUND(IF(C62=12,PRODUCT(E62,F62,G62,L62),0),2) -> 0 | P62: =+ROUND(IF(C62=16,PRODUCT(E62,F62,G62,L62),0),2) -> 0 | Q62: =+ROUND(IF(C62=20,PRODUCT(E62,F62,G62,L62),0),2) -> 0 | R62: =+ROUND(IF(C62=25,PRODUCT(E62,F62,G62,L62),0),2) -> 0
C63: 8 | D63: 150 | E63: 2 | F63: 1 | G63: =+ROUND(1.13/0.15+1,0) -> 9 | I63: =2*(0.14+0.39)+24*C63/1000 -> 1.252 | L63: =SUM(H63:J63)+K63 -> 1.252 | M63: =+ROUND(IF(C63=8,PRODUCT(E63,F63,G63,L63),0),2) -> 22.54 | N63: =+ROUND(IF(C63=10,PRODUCT(E63,F63,G63,L63),0),2) -> 0 | O63: =+ROUND(IF(C63=12,PRODUCT(E63,F63,G63,L63),0),2) -> 0 | P63: =+ROUND(IF(C63=16,PRODUCT(E63,F63,G63,L63),0),2) -> 0 | Q63: =+ROUND(IF(C63=20,PRODUCT(E63,F63,G63,L63),0),2) -> 0 | R63: =+ROUND(IF(C63=25,PRODUCT(E63,F63,G63,L63),0),2) -> 0
A64: 200X450 | B64: PB8 | L64: =SUM(H64:J64)+K64 -> 0 | M64: =+ROUND(IF(C64=8,PRODUCT(E64,F64,G64,L64),0),2) -> 0 | N64: =+ROUND(IF(C64=10,PRODUCT(E64,F64,G64,L64),0),2) -> 0 | O64: =+ROUND(IF(C64=12,PRODUCT(E64,F64,G64,L64),0),2) -> 0 | P64: =+ROUND(IF(C64=16,PRODUCT(E64,F64,G64,L64),0),2) -> 0 | Q64: =+ROUND(IF(C64=20,PRODUCT(E64,F64,G64,L64),0),2) -> 0 | R64: =+ROUND(IF(C64=25,PRODUCT(E64,F64,G64,L64),0),2) -> 0
B65: BOTTOM | C65: 16 | E65: 2 | F65: 1 | G65: 2 | H65: 0.3 | I65: 4.06 | J65: 0.3 | L65: =SUM(H65:J65)+K65 -> 4.66 | M65: =+ROUND(IF(C65=8,PRODUCT(E65,F65,G65,L65),0),2) -> 0 | N65: =+ROUND(IF(C65=10,PRODUCT(E65,F65,G65,L65),0),2) -> 0 | O65: =+ROUND(IF(C65=12,PRODUCT(E65,F65,G65,L65),0),2) -> 0 | P65: =+ROUND(IF(C65=16,PRODUCT(E65,F65,G65,L65),0),2) -> 18.64 | Q65: =+ROUND(IF(C65=20,PRODUCT(E65,F65,G65,L65),0),2) -> 0 | R65: =+ROUND(IF(C65=25,PRODUCT(E65,F65,G65,L65),0),2) -> 0
B66: TOP | C66: 16 | E66: 2 | F66: 1 | G66: 2 | H66: 0.3 | I66: 4.06 | J66: 0.3 | L66: =SUM(H66:J66)+K66 -> 4.66 | M66: =+ROUND(IF(C66=8,PRODUCT(E66,F66,G66,L66),0),2) -> 0 | N66: =+ROUND(IF(C66=10,PRODUCT(E66,F66,G66,L66),0),2) -> 0 | O66: =+ROUND(IF(C66=12,PRODUCT(E66,F66,G66,L66),0),2) -> 0 | P66: =+ROUND(IF(C66=16,PRODUCT(E66,F66,G66,L66),0),2) -> 18.64 | Q66: =+ROUND(IF(C66=20,PRODUCT(E66,F66,G66,L66),0),2) -> 0 | R66: =+ROUND(IF(C66=25,PRODUCT(E66,F66,G66,L66),0),2) -> 0
B67: STIRRUPS | C67: 8 | D67: 100 | E67: 2 | F67: 1 | G67: =+ROUND(1.8/0.1,0) -> 18 | I67: =2*(0.14+0.39)+24*C67/1000 -> 1.252 | L67: =SUM(H67:J67)+K67 -> 1.252 | M67: =+ROUND(IF(C67=8,PRODUCT(E67,F67,G67,L67),0),2) -> 45.07 | N67: =+ROUND(IF(C67=10,PRODUCT(E67,F67,G67,L67),0),2) -> 0 | O67: =+ROUND(IF(C67=12,PRODUCT(E67,F67,G67,L67),0),2) -> 0 | P67: =+ROUND(IF(C67=16,PRODUCT(E67,F67,G67,L67),0),2) -> 0 | Q67: =+ROUND(IF(C67=20,PRODUCT(E67,F67,G67,L67),0),2) -> 0 | R67: =+ROUND(IF(C67=25,PRODUCT(E67,F67,G67,L67),0),2) -> 0
C68: 8 | D68: 150 | E68: 2 | F68: 1 | G68: =+ROUND(1.36/0.15+1,0) -> 10 | I68: =2*(0.14+0.39)+24*C68/1000 -> 1.252 | L68: =SUM(H68:J68)+K68 -> 1.252 | M68: =+ROUND(IF(C68=8,PRODUCT(E68,F68,G68,L68),0),2) -> 25.04 | N68: =+ROUND(IF(C68=10,PRODUCT(E68,F68,G68,L68),0),2) -> 0 | O68: =+ROUND(IF(C68=12,PRODUCT(E68,F68,G68,L68),0),2) -> 0 | P68: =+ROUND(IF(C68=16,PRODUCT(E68,F68,G68,L68),0),2) -> 0 | Q68: =+ROUND(IF(C68=20,PRODUCT(E68,F68,G68,L68),0),2) -> 0 | R68: =+ROUND(IF(C68=25,PRODUCT(E68,F68,G68,L68),0),2) -> 0
A69: 200X450 | B69: PB9 | L69: =SUM(H69:J69)+K69 -> 0 | M69: =+ROUND(IF(C69=8,PRODUCT(E69,F69,G69,L69),0),2) -> 0 | N69: =+ROUND(IF(C69=10,PRODUCT(E69,F69,G69,L69),0),2) -> 0 | O69: =+ROUND(IF(C69=12,PRODUCT(E69,F69,G69,L69),0),2) -> 0 | P69: =+ROUND(IF(C69=16,PRODUCT(E69,F69,G69,L69),0),2) -> 0 | Q69: =+ROUND(IF(C69=20,PRODUCT(E69,F69,G69,L69),0),2) -> 0 | R69: =+ROUND(IF(C69=25,PRODUCT(E69,F69,G69,L69),0),2) -> 0
B70: BOTTOM | C70: 16 | E70: 2 | F70: 1 | G70: 2 | H70: 0.3 | I70: =6.365-0.06 -> 6.305 | J70: 0.3 | L70: =SUM(H70:J70)+K70 -> 6.905 | M70: =+ROUND(IF(C70=8,PRODUCT(E70,F70,G70,L70),0),2) -> 0 | N70: =+ROUND(IF(C70=10,PRODUCT(E70,F70,G70,L70),0),2) -> 0 | O70: =+ROUND(IF(C70=12,PRODUCT(E70,F70,G70,L70),0),2) -> 0 | P70: =+ROUND(IF(C70=16,PRODUCT(E70,F70,G70,L70),0),2) -> 27.62 | Q70: =+ROUND(IF(C70=20,PRODUCT(E70,F70,G70,L70),0),2) -> 0 | R70: =+ROUND(IF(C70=25,PRODUCT(E70,F70,G70,L70),0),2) -> 0
B71: TOP | C71: 16 | E71: 2 | F71: 1 | G71: 2 | H71: 0.3 | I71: =6.365-0.06 -> 6.305 | J71: 0.3 | L71: =SUM(H71:J71)+K71 -> 6.905 | M71: =+ROUND(IF(C71=8,PRODUCT(E71,F71,G71,L71),0),2) -> 0 | N71: =+ROUND(IF(C71=10,PRODUCT(E71,F71,G71,L71),0),2) -> 0 | O71: =+ROUND(IF(C71=12,PRODUCT(E71,F71,G71,L71),0),2) -> 0 | P71: =+ROUND(IF(C71=16,PRODUCT(E71,F71,G71,L71),0),2) -> 27.62 | Q71: =+ROUND(IF(C71=20,PRODUCT(E71,F71,G71,L71),0),2) -> 0 | R71: =+ROUND(IF(C71=25,PRODUCT(E71,F71,G71,L71),0),2) -> 0
B72: STIRRUPS 200X450 | C72: 8 | D72: 100 | E72: 2 | F72: 1 | G72: =+ROUND(2.05/0.1,0) -> 21 | I72: =2*(0.14+0.39)+24*C72/1000 -> 1.252 | L72: =SUM(H72:J72)+K72 -> 1.252 | M72: =+ROUND(IF(C72=8,PRODUCT(E72,F72,G72,L72),0),2) -> 52.58 | N72: =+ROUND(IF(C72=10,PRODUCT(E72,F72,G72,L72),0),2) -> 0 | O72: =+ROUND(IF(C72=12,PRODUCT(E72,F72,G72,L72),0),2) -> 0 | P72: =+ROUND(IF(C72=16,PRODUCT(E72,F72,G72,L72),0),2) -> 0 | Q72: =+ROUND(IF(C72=20,PRODUCT(E72,F72,G72,L72),0),2) -> 0 | R72: =+ROUND(IF(C72=25,PRODUCT(E72,F72,G72,L72),0),2) -> 0
C73: 8 | D73: 150 | E73: 2 | F73: 1 | G73: =+ROUND(2.05/0.15+1,0) -> 15 | I73: =2*(0.14+0.39)+24*C73/1000 -> 1.252 | L73: =SUM(H73:J73)+K73 -> 1.252 | M73: =+ROUND(IF(C73=8,PRODUCT(E73,F73,G73,L73),0),2) -> 37.56 | N73: =+ROUND(IF(C73=10,PRODUCT(E73,F73,G73,L73),0),2) -> 0 | O73: =+ROUND(IF(C73=12,PRODUCT(E73,F73,G73,L73),0),2) -> 0 | P73: =+ROUND(IF(C73=16,PRODUCT(E73,F73,G73,L73),0),2) -> 0 | Q73: =+ROUND(IF(C73=20,PRODUCT(E73,F73,G73,L73),0),2) -> 0 | R73: =+ROUND(IF(C73=25,PRODUCT(E73,F73,G73,L73),0),2) -> 0
B74: STIRRUPS 200X450 | C74: 8 | D74: 100 | E74: 2 | F74: 1 | G74: =+ROUND(1.6/0.1,0) -> 16 | I74: =2*(0.14+0.39)+24*C74/1000 -> 1.252 | L74: =SUM(H74:J74)+K74 -> 1.252 | M74: =+ROUND(IF(C74=8,PRODUCT(E74,F74,G74,L74),0),2) -> 40.06 | N74: =+ROUND(IF(C74=10,PRODUCT(E74,F74,G74,L74),0),2) -> 0 | O74: =+ROUND(IF(C74=12,PRODUCT(E74,F74,G74,L74),0),2) -> 0 | P74: =+ROUND(IF(C74=16,PRODUCT(E74,F74,G74,L74),0),2) -> 0 | Q74: =+ROUND(IF(C74=20,PRODUCT(E74,F74,G74,L74),0),2) -> 0 | R74: =+ROUND(IF(C74=25,PRODUCT(E74,F74,G74,L74),0),2) -> 0
A75: 200X450 | B75: PB10 | L75: =SUM(H75:J75)+K75 -> 0 | M75: =+ROUND(IF(C75=8,PRODUCT(E75,F75,G75,L75),0),2) -> 0 | N75: =+ROUND(IF(C75=10,PRODUCT(E75,F75,G75,L75),0),2) -> 0 | O75: =+ROUND(IF(C75=12,PRODUCT(E75,F75,G75,L75),0),2) -> 0 | P75: =+ROUND(IF(C75=16,PRODUCT(E75,F75,G75,L75),0),2) -> 0 | Q75: =+ROUND(IF(C75=20,PRODUCT(E75,F75,G75,L75),0),2) -> 0 | R75: =+ROUND(IF(C75=25,PRODUCT(E75,F75,G75,L75),0),2) -> 0
B76: BOTTOM | C76: 16 | E76: 2 | F76: 1 | G76: 2 | H76: 0.3 | I76: =5.89-0.06 -> 5.83 | J76: 0.3 | L76: =SUM(H76:J76)+K76 -> 6.43 | M76: =+ROUND(IF(C76=8,PRODUCT(E76,F76,G76,L76),0),2) -> 0 | N76: =+ROUND(IF(C76=10,PRODUCT(E76,F76,G76,L76),0),2) -> 0 | O76: =+ROUND(IF(C76=12,PRODUCT(E76,F76,G76,L76),0),2) -> 0 | P76: =+ROUND(IF(C76=16,PRODUCT(E76,F76,G76,L76),0),2) -> 25.72 | Q76: =+ROUND(IF(C76=20,PRODUCT(E76,F76,G76,L76),0),2) -> 0 | R76: =+ROUND(IF(C76=25,PRODUCT(E76,F76,G76,L76),0),2) -> 0
B77: TOP | C77: 16 | E77: 2 | F77: 1 | G77: 2 | H77: 0.3 | I77: =5.89-0.06 -> 5.83 | J77: 0.3 | L77: =SUM(H77:J77)+K77 -> 6.43 | M77: =+ROUND(IF(C77=8,PRODUCT(E77,F77,G77,L77),0),2) -> 0 | N77: =+ROUND(IF(C77=10,PRODUCT(E77,F77,G77,L77),0),2) -> 0 | O77: =+ROUND(IF(C77=12,PRODUCT(E77,F77,G77,L77),0),2) -> 0 | P77: =+ROUND(IF(C77=16,PRODUCT(E77,F77,G77,L77),0),2) -> 25.72 | Q77: =+ROUND(IF(C77=20,PRODUCT(E77,F77,G77,L77),0),2) -> 0 | R77: =+ROUND(IF(C77=25,PRODUCT(E77,F77,G77,L77),0),2) -> 0
B78: STIRRUPS | C78: 8 | D78: 100 | E78: 2 | F78: 1 | G78: =+ROUND(2.345/0.1,0) -> 23 | I78: =2*(0.14+0.39)+24*C78/1000 -> 1.252 | L78: =SUM(H78:J78)+K78 -> 1.252 | M78: =+ROUND(IF(C78=8,PRODUCT(E78,F78,G78,L78),0),2) -> 57.59 | N78: =+ROUND(IF(C78=10,PRODUCT(E78,F78,G78,L78),0),2) -> 0 | O78: =+ROUND(IF(C78=12,PRODUCT(E78,F78,G78,L78),0),2) -> 0 | P78: =+ROUND(IF(C78=16,PRODUCT(E78,F78,G78,L78),0),2) -> 0 | Q78: =+ROUND(IF(C78=20,PRODUCT(E78,F78,G78,L78),0),2) -> 0 | R78: =+ROUND(IF(C78=25,PRODUCT(E78,F78,G78,L78),0),2) -> 0
C79: 8 | D79: 150 | E79: 2 | F79: 1 | G79: =+ROUND(2.345/0.15+1,0) -> 17 | I79: =2*(0.14+0.39)+24*C79/1000 -> 1.252 | L79: =SUM(H79:J79)+K79 -> 1.252 | M79: =+ROUND(IF(C79=8,PRODUCT(E79,F79,G79,L79),0),2) -> 42.57 | N79: =+ROUND(IF(C79=10,PRODUCT(E79,F79,G79,L79),0),2) -> 0 | O79: =+ROUND(IF(C79=12,PRODUCT(E79,F79,G79,L79),0),2) -> 0 | P79: =+ROUND(IF(C79=16,PRODUCT(E79,F79,G79,L79),0),2) -> 0 | Q79: =+ROUND(IF(C79=20,PRODUCT(E79,F79,G79,L79),0),2) -> 0 | R79: =+ROUND(IF(C79=25,PRODUCT(E79,F79,G79,L79),0),2) -> 0
A80: 200X450 | B80: PB11 | L80: =SUM(H80:J80)+K80 -> 0 | M80: =+ROUND(IF(C80=8,PRODUCT(E80,F80,G80,L80),0),2) -> 0 | N80: =+ROUND(IF(C80=10,PRODUCT(E80,F80,G80,L80),0),2) -> 0 | O80: =+ROUND(IF(C80=12,PRODUCT(E80,F80,G80,L80),0),2) -> 0 | P80: =+ROUND(IF(C80=16,PRODUCT(E80,F80,G80,L80),0),2) -> 0 | Q80: =+ROUND(IF(C80=20,PRODUCT(E80,F80,G80,L80),0),2) -> 0 | R80: =+ROUND(IF(C80=25,PRODUCT(E80,F80,G80,L80),0),2) -> 0
B81: BOTTOM | C81: 16 | E81: 1 | F81: 1 | G81: 2 | H81: 0.3 | I81: =12.95-0.06 -> 12.89 | J81: 0.3 | K81: =49*C81/1000 -> 0.784 | L81: =SUM(H81:J81)+K81 -> 14.274 | M81: =+ROUND(IF(C81=8,PRODUCT(E81,F81,G81,L81),0),2) -> 0 | N81: =+ROUND(IF(C81=10,PRODUCT(E81,F81,G81,L81),0),2) -> 0 | O81: =+ROUND(IF(C81=12,PRODUCT(E81,F81,G81,L81),0),2) -> 0 | P81: =+ROUND(IF(C81=16,PRODUCT(E81,F81,G81,L81),0),2) -> 28.55 | Q81: =+ROUND(IF(C81=20,PRODUCT(E81,F81,G81,L81),0),2) -> 0 | R81: =+ROUND(IF(C81=25,PRODUCT(E81,F81,G81,L81),0),2) -> 0
B82: TOP | C82: 16 | E82: 1 | F82: 1 | G82: 2 | H82: 0.3 | I82: =12.95-0.06 -> 12.89 | J82: 0.3 | K82: =49*C82/1000 -> 0.784 | L82: =SUM(H82:J82)+K82 -> 14.274 | M82: =+ROUND(IF(C82=8,PRODUCT(E82,F82,G82,L82),0),2) -> 0 | N82: =+ROUND(IF(C82=10,PRODUCT(E82,F82,G82,L82),0),2) -> 0 | O82: =+ROUND(IF(C82=12,PRODUCT(E82,F82,G82,L82),0),2) -> 0 | P82: =+ROUND(IF(C82=16,PRODUCT(E82,F82,G82,L82),0),2) -> 28.55 | Q82: =+ROUND(IF(C82=20,PRODUCT(E82,F82,G82,L82),0),2) -> 0 | R82: =+ROUND(IF(C82=25,PRODUCT(E82,F82,G82,L82),0),2) -> 0
B83: BOTTOM EXTRA | C83: 12 | E83: 1 | F83: 2 | G83: 2 | I83: 4.36 | L83: =SUM(H83:J83)+K83 -> 4.36 | M83: =+ROUND(IF(C83=8,PRODUCT(E83,F83,G83,L83),0),2) -> 0 | N83: =+ROUND(IF(C83=10,PRODUCT(E83,F83,G83,L83),0),2) -> 0 | O83: =+ROUND(IF(C83=12,PRODUCT(E83,F83,G83,L83),0),2) -> 17.44 | P83: =+ROUND(IF(C83=16,PRODUCT(E83,F83,G83,L83),0),2) -> 0 | Q83: =+ROUND(IF(C83=20,PRODUCT(E83,F83,G83,L83),0),2) -> 0 | R83: =+ROUND(IF(C83=25,PRODUCT(E83,F83,G83,L83),0),2) -> 0
B84: TOP EXTRA | C84: 12 | E84: 1 | F84: 1 | G84: 2 | I84: 3.83 | L84: =SUM(H84:J84)+K84 -> 3.83 | M84: =+ROUND(IF(C84=8,PRODUCT(E84,F84,G84,L84),0),2) -> 0 | N84: =+ROUND(IF(C84=10,PRODUCT(E84,F84,G84,L84),0),2) -> 0 | O84: =+ROUND(IF(C84=12,PRODUCT(E84,F84,G84,L84),0),2) -> 7.66 | P84: =+ROUND(IF(C84=16,PRODUCT(E84,F84,G84,L84),0),2) -> 0 | Q84: =+ROUND(IF(C84=20,PRODUCT(E84,F84,G84,L84),0),2) -> 0 | R84: =+ROUND(IF(C84=25,PRODUCT(E84,F84,G84,L84),0),2) -> 0
B85: TOP EXTRA | C85: 12 | E85: 1 | F85: 2 | G85: 2 | H85: 0.3 | I85: =2.4-0.03 -> 2.37 | L85: =SUM(H85:J85)+K85 -> 2.67 | M85: =+ROUND(IF(C85=8,PRODUCT(E85,F85,G85,L85),0),2) -> 0 | N85: =+ROUND(IF(C85=10,PRODUCT(E85,F85,G85,L85),0),2) -> 0 | O85: =+ROUND(IF(C85=12,PRODUCT(E85,F85,G85,L85),0),2) -> 10.68 | P85: =+ROUND(IF(C85=16,PRODUCT(E85,F85,G85,L85),0),2) -> 0 | Q85: =+ROUND(IF(C85=20,PRODUCT(E85,F85,G85,L85),0),2) -> 0 | R85: =+ROUND(IF(C85=25,PRODUCT(E85,F85,G85,L85),0),2) -> 0
B86: STIRRUPS | C86: 8 | D86: 100 | E86: 1 | F86: 2 | G86: =+ROUND(2.89/0.1,0) -> 29 | I86: =2*(0.14+0.39)+24*C86/1000 -> 1.252 | L86: =SUM(H86:J86)+K86 -> 1.252 | M86: =+ROUND(IF(C86=8,PRODUCT(E86,F86,G86,L86),0),2) -> 72.62 | N86: =+ROUND(IF(C86=10,PRODUCT(E86,F86,G86,L86),0),2) -> 0 | O86: =+ROUND(IF(C86=12,PRODUCT(E86,F86,G86,L86),0),2) -> 0 | P86: =+ROUND(IF(C86=16,PRODUCT(E86,F86,G86,L86),0),2) -> 0 | Q86: =+ROUND(IF(C86=20,PRODUCT(E86,F86,G86,L86),0),2) -> 0 | R86: =+ROUND(IF(C86=25,PRODUCT(E86,F86,G86,L86),0),2) -> 0
C87: 8 | D87: 150 | E87: 1 | F87: 2 | G87: =+ROUND(2.89/0.15+1,0) -> 20 | I87: =2*(0.14+0.39)+24*C87/1000 -> 1.252 | L87: =SUM(H87:J87)+K87 -> 1.252 | M87: =+ROUND(IF(C87=8,PRODUCT(E87,F87,G87,L87),0),2) -> 50.08 | N87: =+ROUND(IF(C87=10,PRODUCT(E87,F87,G87,L87),0),2) -> 0 | O87: =+ROUND(IF(C87=12,PRODUCT(E87,F87,G87,L87),0),2) -> 0 | P87: =+ROUND(IF(C87=16,PRODUCT(E87,F87,G87,L87),0),2) -> 0 | Q87: =+ROUND(IF(C87=20,PRODUCT(E87,F87,G87,L87),0),2) -> 0 | R87: =+ROUND(IF(C87=25,PRODUCT(E87,F87,G87,L87),0),2) -> 0
A88: 200X450 | B88: PB12 | L88: =SUM(H88:J88)+K88 -> 0 | M88: =+ROUND(IF(C88=8,PRODUCT(E88,F88,G88,L88),0),2) -> 0 | N88: =+ROUND(IF(C88=10,PRODUCT(E88,F88,G88,L88),0),2) -> 0 | O88: =+ROUND(IF(C88=12,PRODUCT(E88,F88,G88,L88),0),2) -> 0 | P88: =+ROUND(IF(C88=16,PRODUCT(E88,F88,G88,L88),0),2) -> 0 | Q88: =+ROUND(IF(C88=20,PRODUCT(E88,F88,G88,L88),0),2) -> 0 | R88: =+ROUND(IF(C88=25,PRODUCT(E88,F88,G88,L88),0),2) -> 0
B89: BOTTOM | C89: 16 | E89: 2 | F89: 1 | G89: 2 | H89: 0.3 | I89: =3.705-0.06 -> 3.645 | J89: 0.3 | L89: =SUM(H89:J89)+K89 -> 4.245 | M89: =+ROUND(IF(C89=8,PRODUCT(E89,F89,G89,L89),0),2) -> 0 | N89: =+ROUND(IF(C89=10,PRODUCT(E89,F89,G89,L89),0),2) -> 0 | O89: =+ROUND(IF(C89=12,PRODUCT(E89,F89,G89,L89),0),2) -> 0 | P89: =+ROUND(IF(C89=16,PRODUCT(E89,F89,G89,L89),0),2) -> 16.98 | Q89: =+ROUND(IF(C89=20,PRODUCT(E89,F89,G89,L89),0),2) -> 0 | R89: =+ROUND(IF(C89=25,PRODUCT(E89,F89,G89,L89),0),2) -> 0
B90: TOP | C90: 16 | E90: 2 | F90: 1 | G90: 2 | H90: 0.3 | I90: =3.705-0.06 -> 3.645 | J90: 0.3 | L90: =SUM(H90:J90)+K90 -> 4.245 | M90: =+ROUND(IF(C90=8,PRODUCT(E90,F90,G90,L90),0),2) -> 0 | N90: =+ROUND(IF(C90=10,PRODUCT(E90,F90,G90,L90),0),2) -> 0 | O90: =+ROUND(IF(C90=12,PRODUCT(E90,F90,G90,L90),0),2) -> 0 | P90: =+ROUND(IF(C90=16,PRODUCT(E90,F90,G90,L90),0),2) -> 16.98 | Q90: =+ROUND(IF(C90=20,PRODUCT(E90,F90,G90,L90),0),2) -> 0 | R90: =+ROUND(IF(C90=25,PRODUCT(E90,F90,G90,L90),0),2) -> 0
B91: STIRRUPS 200X450 | C91: 8 | D91: 100 | E91: 2 | F91: 1 | G91: =+ROUND(2.22/0.1+1,0) -> 23 | I91: =2*(0.14+0.39)+24*C91/1000 -> 1.252 | L91: =SUM(H91:J91)+K91 -> 1.252 | M91: =+ROUND(IF(C91=8,PRODUCT(E91,F91,G91,L91),0),2) -> 57.59 | N91: =+ROUND(IF(C91=10,PRODUCT(E91,F91,G91,L91),0),2) -> 0 | O91: =+ROUND(IF(C91=12,PRODUCT(E91,F91,G91,L91),0),2) -> 0 | P91: =+ROUND(IF(C91=16,PRODUCT(E91,F91,G91,L91),0),2) -> 0 | Q91: =+ROUND(IF(C91=20,PRODUCT(E91,F91,G91,L91),0),2) -> 0 | R91: =+ROUND(IF(C91=25,PRODUCT(E91,F91,G91,L91),0),2) -> 0
A92: 200X450 | B92: PB13 | L92: =SUM(H92:J92)+K92 -> 0 | M92: =+ROUND(IF(C92=8,PRODUCT(E92,F92,G92,L92),0),2) -> 0 | N92: =+ROUND(IF(C92=10,PRODUCT(E92,F92,G92,L92),0),2) -> 0 | O92: =+ROUND(IF(C92=12,PRODUCT(E92,F92,G92,L92),0),2) -> 0 | P92: =+ROUND(IF(C92=16,PRODUCT(E92,F92,G92,L92),0),2) -> 0 | Q92: =+ROUND(IF(C92=20,PRODUCT(E92,F92,G92,L92),0),2) -> 0 | R92: =+ROUND(IF(C92=25,PRODUCT(E92,F92,G92,L92),0),2) -> 0
B93: BOTTOM | C93: 16 | E93: 2 | F93: 1 | G93: 2 | H93: 0.3 | I93: 4 | J93: 0.3 | L93: =SUM(H93:J93)+K93 -> 4.6 | M93: =+ROUND(IF(C93=8,PRODUCT(E93,F93,G93,L93),0),2) -> 0 | N93: =+ROUND(IF(C93=10,PRODUCT(E93,F93,G93,L93),0),2) -> 0 | O93: =+ROUND(IF(C93=12,PRODUCT(E93,F93,G93,L93),0),2) -> 0 | P93: =+ROUND(IF(C93=16,PRODUCT(E93,F93,G93,L93),0),2) -> 18.4 | Q93: =+ROUND(IF(C93=20,PRODUCT(E93,F93,G93,L93),0),2) -> 0 | R93: =+ROUND(IF(C93=25,PRODUCT(E93,F93,G93,L93),0),2) -> 0
B94: TOP | C94: 16 | E94: 2 | F94: 1 | G94: 2 | H94: 0.3 | I94: 4 | J94: 0.3 | L94: =SUM(H94:J94)+K94 -> 4.6 | M94: =+ROUND(IF(C94=8,PRODUCT(E94,F94,G94,L94),0),2) -> 0 | N94: =+ROUND(IF(C94=10,PRODUCT(E94,F94,G94,L94),0),2) -> 0 | O94: =+ROUND(IF(C94=12,PRODUCT(E94,F94,G94,L94),0),2) -> 0 | P94: =+ROUND(IF(C94=16,PRODUCT(E94,F94,G94,L94),0),2) -> 18.4 | Q94: =+ROUND(IF(C94=20,PRODUCT(E94,F94,G94,L94),0),2) -> 0 | R94: =+ROUND(IF(C94=25,PRODUCT(E94,F94,G94,L94),0),2) -> 0
